,公司代號,公司名稱,營業收入,營收成長率,本期淨利（淨損）,淨值,股東權益報酬率,股本,資產總額,資產報酬率,總資產週轉率,負債比率,基本每股盈餘（元）,Top_100
0,N_name,Name,Revenue,SV,Income,Networth,Return_Eq,Stock,Total_assete,Reture_A,Turnover,Liab_ratio,EPS,Top_100
1,2801,彰銀,19140252,-14.83,7040927,165053790,4.28,103847236,2313440219,0.31,0.04,92.4,0.68,0
2,2809,京城銀,5245953,4.87,5490971,46583090,12.29,11212343,325457939,1.72,0.07,85.52,4.9,0
3,2812,台中銀,8279093,-3.87,4025533,57321753,7.26,41516943,736770021,0.56,0.04,92.48,1.03,0
4,2820,華票,1120638,24.44,1578242,25449442,6.3,13429600,218284001,0.71,0.03,87.92,1.18,0
5,2834,臺企銀,16192217,-5.81,4701775,98658749,4.8,74885834,1791635053,0.27,0.04,94.53,0.63,0
6,2836,高雄銀,2605181,0.18,763315,16214624,4.73,11295577,276159561,0.28,0.04,94.3,0.68,0
7,2838,聯邦銀,7641060,3.8,3441505,60192412,5.84,32933688,757558002,0.45,0.05,91.91,0.96,0
8,2845,遠東銀,6036627,-3.98,2518703,48743705,5.18,34481044,680047467,0.37,0.05,92.78,0.73,0
9,2849,安泰銀,3425664,-8.83,2171460,34521952,6.35,19579101,311461016,0.7,0.05,88.99,1.11,0
10,2897,王道銀行,4024649,-3.15,2300929,54252765,4.39,30330063,575413630,0.4,0.04,90.94,0.41,0
11,5876,上海商銀,26388610,-7.68,17814616,205099212,8.73,44816031,2113741790,0.83,0.05,90.16,3.01,0
12,2855,統一證,9581272,34.15,3614596,29479482,12.64,13998378,113711765,3.23,0.13,72.05,2.58,0
13,6005,群益證,9724095,24.67,3840679,38674730,10.11,21709081,163062634,2.36,0.1,72.8,1.64,0
14,6024,群益期,2425823,26.31,622344,6386959,9.84,2104376,46413395,1.34,0.08,87.75,3.07,0
15,1101,台泥,114367247,-6.86,27991393,218830053,13.13,60102549,389506236,7.28,0.58,43.27,4.32,0
16,1102,亞泥,78240880,-12.42,18773807,169886952,11.16,33614472,297086855,6.27,0.53,43,4.7,0
17,1103,嘉泥,2058417,9.2,1837994,25017349,7.64,7747805,40646227,4.69,0.09,38.85,2.74,0
18,1104,環泥,5426217,8.4,1259795,18785353,6.86,6536092,24102936,5.33,0.37,22.64,1.91,0
19,1108,幸福,4530172,21.4,392269,4656919,8.49,4047380,8027307,4.93,0.87,41.04,0.97,0
20,1109,信大,7593294,-3.15,1448873,9541016,15.78,3419579,11811053,12.81,1.25,22.89,2.94,0
21,1110,東泥,1590986,0.38,16949,8548719,0.2,5720008,9865320,0.17,0.28,12.01,0.04,0
22,1201,味全,18650871,-7.77,536142,6855788,7.99,5060629,18031521,2.93,1.83,63.64,1.06,0
23,1203,味王,6043700,-6.17,693921,6312382,11.16,2400000,9331602,7.45,1.17,34.05,1.81,0
24,1210,大成,81650892,3.14,4072346,27886752,15.04,8273391,51693036,7.89,2.84,48.57,3.99,0
25,1213,大飲,409612,-5.94,-27252,536146,-5,566226,1255281,-2.14,0.62,55.5,-0.48,0
26,1215,卜蜂,22189635,4.8,1639876,8733486,19.22,2679910,19546349,8.47,2,53.74,6.18,0
27,1216,統一,447319979,-0.08,30800665,180598593,17.3,56820154,495338492,6.24,1.67,63.56,3.79,0
28,1217,愛之味,4614486,3.3,249394,6858474,3.68,4945134,13340859,1.86,0.62,50.07,0.47,0
29,1218,泰山,8356125,4.27,851541,7031602,12.25,4999990,9240265,9.28,1.51,28.43,1.75,0
30,1219,福壽,12324165,0.67,565233,4443414,12.91,3220139,8550063,6.6,2.39,55.7,1.91,0
31,1220,台榮,2775071,-6.85,189740,2548594,7.53,1770779,3101296,6.27,1.65,21.31,1.02,0
32,1225,福懋油,10213493,-4.07,417787,3733141,11.45,2187030,7693394,5.52,2.32,52.87,1.72,0
33,1227,佳格,34466244,10.23,3255830,18015627,18.55,9150897,27823862,12.26,2.15,33.5,3.54,0
34,1229,聯華,9544161,15.64,3499454,44450094,8.23,12814983,55988518,6.53,0.31,19.15,2.43,0
35,1231,聯華食,8817321,2.66,685698,4065573,17.42,1833252,8822575,7.81,2,51.06,3.74,0
36,1232,大統益,17440979,1.7,1322623,4641004,29.9,1599749,6348688,21.94,5.25,28.86,8.08,0
37,1233,天仁,1906194,-15.07,57383,1504274,3.89,905919,2433516,2.37,1.59,35.07,0.63,0
38,1234,黑松,9204945,0.65,890163,18068635,4.95,4018711,22211391,3.96,0.69,21.03,2.22,0
39,1235,興泰,78579,27.28,65636,2997328,2.39,1043978,4167382,1.64,0.02,38.58,0.65,0
40,1236,宏亞,1637280,-12.16,180,1607981,0.01,1083425,2764972,0.01,1.2,38.43,0,0
41,1256,鮮活果汁-KY,3479683,-1.15,776806,2670735,30.36,338422,3557450,21.83,1.99,34.59,22.99,0
42,1301,台塑,185813405,-10.6,20036199,332536140,6.41,63657408,479280423,4.35,0.74,29.76,3.15,1
43,1303,南亞,273353806,-4.52,26888091,356586478,7.86,79308216,584712347,4.74,0.9,35.9,3.24,1
44,1304,台聚,50201273,-9.81,5682637,48723643,12.22,11887635,77324516,7.56,1.36,45.15,2.25,0
45,1305,華夏,13733148,-9.17,1791710,10303758,18.37,5533814,13893625,13.35,2.15,29.35,2.95,0
46,1307,三芳,8441756,-17.81,218012,7873126,2.77,3978181,15340889,1.42,1.18,45.4,0.55,0
47,1308,亞聚,5703546,-16.01,1103587,12109545,9.65,5821018,16883503,6.75,0.7,39.55,1.9,0
48,1309,台達化,15498381,-12.29,1919818,6355806,32.71,3442310,9245870,21.54,3.82,46.28,5.58,0
49,1310,台苯,8113225,-33.61,289723,7463726,4.16,5278698,9012370,3.49,2.31,22.3,0.55,0
50,1312,國喬,16575784,-19.12,4320555,31120337,14.51,9266203,36322368,12.53,1.15,13.51,4.52,0
51,1313,聯成,51866839,-17.29,2134320,24954701,9.01,13323476,44200637,4.86,2.4,54.44,1.62,0
52,1314,中石化,17583092,-40.64,674660,70868031,0.96,32848502,104909990,0.65,0.58,30.35,0.21,0
53,1315,達新,2233540,-8.46,5430211,12204094,44.67,1386000,13066420,40.81,0.44,15.44,31.97,0
54,1316,上曜,1236441,51.72,65067,2609608,-3.96,1846776,7095303,-1.47,0.17,64.56,0.2,0
55,1319,東陽,17322986,-19.87,742587,22359392,3.34,5914771,35553199,2.09,1.01,38.72,1.39,0
56,1321,大洋,4980018,6.33,715152,6604117,5.93,2272283,12175162,3.14,0.71,53.98,3.24,0
57,1323,永裕,3406532,-6.51,353094,2581337,14.06,912745,5473347,6.51,1.25,53.79,3.2,0
58,1324,地球,1055758,-7.09,16364,972295,1.69,751219,1242489,1.35,1.61,20.43,0.22,0
59,1325,恆大,4056858,424.97,2014576,3829882,56.4,852812,4635081,46.27,0.73,5.91,23.16,0
60,1326,台化,253294668,-21.91,21553709,395452529,5.81,58611863,531820428,4.23,1.03,25.66,3.34,1
61,1337,再生-KY,1008157,-20.04,-1312802,5794990,-21.2,2689547,6532866,-19.12,0.29,7.78,-4.88,0
62,1338,廣華-KY,6166478,-16.99,287319,6565723,4.49,838400,10354080,2.89,1.28,34.02,3.51,0
63,1339,昭輝,2120901,-20.57,119613,3585661,3.36,741389,5298401,2.25,0.84,32.73,1.59,0
64,1340,勝悅-KY,656406,-43.38,-389742,5421970,-7.11,1529229,5565765,-6.89,0,4.34,-2.55,0
65,1341,富林-KY,2664416,-11.8,310881,1216621,26.45,494000,2121080,14.83,2.45,42.95,6.29,0
66,1342,八貫,1531351,,196227,1458936,,678453,1975262,,,,3.15,0
67,1402,遠東新,206769281,-17.23,12980539,269424640,4.86,53528751,616955270,2.12,0.78,52.9,1.62,0
68,1410,南染,416256,4.56,62551,1138609,5.55,630000,1387560,4.56,0.49,16.9,0.95,0
69,1413,宏洲,1558963,-46.88,-162038,1040486,-15.4,1321124,2737080,-5.98,2.1,56.4,-1.23,0
70,1414,東和,702471,-11.14,58588,3119690,1.89,2200000,4416425,1.32,0.31,32.28,0.27,0
71,1416,廣豐,20370,-21.26,-343732,3617737,-8.11,1853422,7210490,-4.19,0.06,45.3,-1.85,0
72,1417,嘉裕,1035869,-24.7,-353043,2558563,-10.44,1899419,3147085,-8.5,0.57,28.48,-1.86,0
73,1418,東華,100142,-52.66,-228235,407391,-53.42,568343,2232986,-10.24,0.16,74.13,-4.2,0
74,1419,新紡,2149213,3.22,364492,9087368,4.18,3000413,13579128,2.77,0.27,32.35,1.22,0
75,1423,利華,202723,-55.45,354023,3003190,13.48,1384000,3335725,12.2,0.33,8.56,2.56,0
76,1432,大魯閣,1154819,-2.02,15844,796172,1.67,750000,4804207,0.32,0.35,80.6,0,0
77,1434,福懋,28783492,-21.46,2095306,61483588,3.65,16846646,79462058,2.78,0.85,20.48,1.25,0
78,1435,中福,15053,-29.05,-21435,830205,-2.55,1397801,1007903,-2.11,0.03,15.73,-0.17,0
79,1436,華友聯,1631881,-21.35,179648,2706849,6.61,956340,11672964,1.57,0.28,71.9,1.88,0
80,1437,勤益控,605384,-2.49,356977,6397640,5.64,2033713,11237184,3.18,0.09,40.95,1.76,0
81,1438,三地開發,98432,894718.18,45919,560237,8.17,1024115,1866081,3.29,0,11.92,0.45,0
82,1439,中和,113119,-34.62,-243523,2230790,-10.76,920000,2405928,-10.33,0.11,0.69,-2.65,0
83,1440,南紡,17628221,-23.19,971261,25277681,3.9,16568159,46874462,2.09,0.9,44.69,0.57,0
84,1441,大東,1509851,4.2,-292272,964789,-29.53,1008000,2388768,-11.72,0.87,56.8,-2.46,0
85,1442,名軒,2231333,221.22,76808,5514196,1.46,3662113,12921260,0.6,0.1,57.5,0.25,0
86,1443,立益,569401,-19.19,-58737,788945,-6.02,1353430,5690226,-0.84,0.23,84.63,-0.29,0
87,1444,力麗,8373609,-30.27,-424828,11476477,-3.75,9573029,17398746,-2.5,1.13,37.33,-0.38,0
88,1445,大宇,917470,-33.06,-57906,1592896,-3.63,1306660,1970847,-2.94,1.18,17.41,-0.44,0
89,1446,宏和,490557,-11.61,-7438,1538654,-0.49,1377095,4085885,-0.18,0.22,63.4,-0.05,0
90,1447,力鵬,13559461,-7,-414333,10429215,-4.05,9144872,17844807,-2.29,1.4,44.17,-0.48,0
91,1449,佳和,1929151,-22.71,-127030,1084525,-12.31,878125,6364291,-2.06,0.65,88.94,-1.46,0
92,1451,年興,7019373,-18.07,-423066,7269509,-5.86,1980000,9045576,-4.68,1.6,22.96,-2.14,0
93,1452,宏益,1271905,-33.69,97497,2514111,3.95,1326414,2749971,3.66,1.27,7.6,0.74,0
94,1453,大將,219411,390.2,15301,1293259,1.18,1006151,1355776,1.15,0.03,2.93,0.15,0
95,1454,台富,1204928,-36.73,-38295,1527087,-2.56,1298338,1992198,-2.01,1.65,25.45,-0.31,0
96,1455,集盛,7675607,-35.18,-40115,6525869,-0.62,5500014,8926635,-0.45,2.07,25.15,-0.07,0
97,1456,怡華,716457,-32.89,68064,1288189,5.5,937200,6711723,1.01,0.32,76.13,0.73,0
98,1457,宜進,2707215,-41.94,556686,7763198,8.19,3016476,17780814,3.67,0.45,59.33,2.89,0
99,1459,聯發,1783734,-42.87,-183707,2931160,-6.42,3586289,5993026,-3.04,0.91,49.64,-0.58,0
100,1460,宏遠,7343877,-17.27,-936989,3806320,-23.03,5098341,13565096,-6.89,1.12,64.19,-1.94,0
101,1463,強盛,441609,-20.78,61102,2247837,2.73,1732684,2634240,2.35,0.39,9.78,0.33,0
102,1464,得力,8594659,-21.68,-206633,5454783,-3.75,3845657,17847430,-1.17,1,66.63,-0.54,0
103,1465,偉全,425282,-52.24,-25072,1711413,-1.46,1036073,1917878,-1.3,0.51,16.62,-0.24,0
104,1466,聚隆,2635433,-19.5,40489,1579597,2.59,1111573,3420333,1.2,1.68,54.67,0.38,0
105,1467,南緯,8598587,23.78,164775,3332000,5.08,2336247,8112920,1.97,1.75,63.22,0.72,0
106,1468,昶和,961757,-4.75,45183,1257998,3.56,1604053,2867261,1.62,0.7,54.3,0.26,0
107,1470,大統新創,630757,-22.91,35414,966140,3.71,857670,1173413,3.12,1.23,16.35,0.41,0
108,1471,首利,1085366,16.68,396093,1043367,39.45,1504145,1595001,22.49,1.28,48.75,2.63,0
109,1472,三洋紡,329104,-27.43,-425124,260628,-196.35,860528,1794920,-29.05,0.5,68.36,-8.66,0
110,1473,台南,5970540,-22.09,-355198,3279999,-10.45,1471535,5038874,-6.7,2.36,34.55,-2.45,0
111,1474,弘裕,2858477,-17.2,100880,1995694,5.12,1298970,3862094,2.63,1.63,47.54,0.83,0
112,1475,業旺,168113,197.43,3910,350092,1.08,560168,435455,0.9,1.59,67.14,0.24,0
113,1476,儒鴻,28175401,0.18,4254534,19167984,23.13,2743671,26446425,16.67,2.13,22.28,15.51,0
114,1477,聚陽,24924170,-7.85,2078913,10164164,21.09,2198566,18635811,11.72,3.26,37.66,9.35,0
115,1503,士電,25684003,-0.53,1596946,25700345,6.27,5209722,42057817,3.85,1.11,39.46,2.93,0
116,1504,東元,45823430,-5.28,3811648,67625232,5.65,19676929,105679071,3.6,0.85,37.73,1.81,0
117,1506,正道,855851,-27.15,-370361,902840,-40.13,1631618,2289883,-16.09,0.74,67.69,-2.19,0
118,1507,永大,15318751,11.42,1345347,12042300,11.33,4108200,23916553,5.75,1.09,47.27,3.2,0
119,1512,瑞利,1188984,-38.79,-128179,184737,-67.05,2367025,2218122,-5.8,1.23,89.92,-0.55,0
120,1513,中興電,15390789,24.35,1551301,10903546,15.31,4761343,29541235,5.46,1.05,61.35,3.59,0
121,1514,亞力,5113892,5.51,320145,3327346,9.74,2174540,6119464,5.14,1.42,46.53,1.51,0
122,1515,力山,11374207,43.94,822190,3761193,23.11,1814735,9541148,9.37,1.97,50.01,4.5,0
123,1516,川飛,820184,21.97,28653,407295,7.08,343948,473379,6.09,2.51,17.67,0.83,0
124,1517,利奇,3383919,12.85,202305,3367379,6.16,2278250,4823283,4.33,1.19,26.74,0.76,0
125,1519,華城,8471592,18.04,457514,3547016,13.21,2610585,8692352,4.91,1.26,60.65,1.75,0
126,1521,大億,4797165,-11,159750,1760329,9.25,762300,3669776,4.38,2.58,47.72,2.1,0
127,1522,堤維西,14446208,-17.92,286687,6704926,4.33,3128979,22745135,1.27,1.29,70.94,0.84,0
128,1524,耿鼎,1908786,-20.26,36537,2203927,1.67,1653104,5033319,0.72,0.82,54.16,0.21,0
129,1525,江申,1052991,-15.23,324045,4323976,7.67,734001,5284732,6.27,0.43,18.48,4.41,0
130,1526,日馳,1246649,9.99,178317,1132693,15.95,600000,1847517,10.04,1.2,38.24,2.97,0
131,1527,鑽全,3589313,3.62,406950,4116934,10.01,1385706,5089151,8.17,0.67,15.88,2.94,0
132,1528,恩德,3210946,-22.73,-118019,2184250,-5.37,1993310,5010635,-2.36,1.35,52.91,-0.61,0
133,1529,樂士,609148,-23.27,62077,1074091,5.81,959680,1627586,3.84,0.65,43.48,0.65,0
134,1530,亞崴,3093583,-9.49,594202,3251872,18.39,965942,6023970,9.65,0.89,55.28,3.92,0
135,1531,高林股,1609928,-25.81,-55089,3540095,-1.56,1836081,4424494,-1.27,0.87,16.76,-0.3,0
136,1532,勤美,13125899,-3.89,791441,16002072,5.08,3761221,44787320,1.78,0.59,63.33,1.47,0
137,1533,車王電,2866192,2.21,-5000,2723530,-0.19,985475,6428761,-0.08,0.85,54.42,0.86,0
138,1535,中宇,8836360,-5.15,197435,2960256,6.74,1237426,6724372,3.1,2.58,51.93,1.6,0
139,1536,和大,5211042,-12.76,285560,6407043,4.51,2545175,18351175,1.58,0.61,61.38,1.12,0
140,1537,廣隆,7119214,-10.31,879196,3990104,22.55,820684,5445598,16.29,2.52,25.4,10.75,0
141,1538,正峰,275762,-22.63,-12302,172935,-6.99,264105,458269,-2.69,0.61,84.34,-0.57,0
142,1539,巨庭,2293323,4.45,-18592,1251074,-1.47,653700,4436747,-0.42,1.21,60.81,-0.28,0
143,1540,喬福,311106,-53.61,-20657,1336100,-1.55,854736,1566895,-1.33,0.7,13.24,-0.24,0
144,1541,錩泰,5271945,25.52,456555,1714454,27.57,788000,3839724,12.09,2.33,58.81,5.79,0
145,1558,伸興,6965819,17.35,845641,5054478,17.06,605356,7981683,10.74,1.63,25.43,13.76,0
146,1560,中砂,5156550,5.72,539476,4735991,11.58,1410775,9452848,5.93,1.11,41.89,3.63,0
147,1568,倉佑,1756718,-13.66,10300,1479953,0.7,1030865,3146395,0.33,1.06,53.46,0.1,0
148,1582,信錦,9663341,12.49,974682,6241835,16.15,1237242,11770911,8.81,1.63,42.95,7.81,0
149,1583,程泰,5205033,-15.02,685775,6465981,10.73,1104004,12308522,5.52,0.83,53.84,4.39,0
150,1587,吉茂,1725729,13.8,173670,1292135,13.66,653566,2673908,6.55,1.05,52.86,2.64,0
151,1589,永冠-KY,8184273,3.6,516530,8763942,6.16,1106175,16394386,3.28,0.99,42.15,4.81,0
152,1590,亞德客-KY,19103001,20.17,4844203,22491128,22.59,1890250,41430981,11.97,0.7,54.47,25.63,0
153,1592,英瑞-KY,4677501,-5.66,-1550068,909252,-128.35,1109783,4750887,-27.92,1.14,67.96,-13.57,0
154,1597,直得,1381885,,203095,2113058,,811876,3509341,,,,2.51,0
155,1598,岱宇,13123756,124.35,1318056,4869862,29.84,1326523,13251988,10.8,1.4,69.24,11.69,0
156,1603,華電,2244267,-17.32,326569,5424937,6.06,1916880,8341380,3.82,0.58,36.58,2.05,0
157,1604,聲寶,7670020,7.84,1835995,8094071,23.11,3872000,12614809,14.65,1.02,45.28,4.86,0
158,1605,華新,112546603,-16.53,7005801,87280830,8.4,32260002,151564006,4.78,1.75,43.1,2.04,1
159,1608,華榮,7440063,-5.01,371697,7923083,4.85,6327735,12343475,3.08,1.16,35.71,0.76,0
160,1609,大亞,18300805,0.35,1033720,9130044,11.6,5950680,25204203,4.24,1.53,59.65,1.45,0
161,1611,中電,2074046,-12.17,78618,4208206,1.88,3227358,5982799,1.3,0.64,22.59,0.23,0
162,1612,宏泰,4567162,30.33,517169,5296315,10.05,3160801,6142370,8.67,1.05,20.28,1.64,0
163,1614,三洋電,5488349,5.56,355605,5357483,6.67,2691134,6567985,5.36,1.46,17.44,1.36,0
164,1615,大山,3165977,0.59,328750,2029888,16.72,1230480,3417234,9.8,1.96,35.35,2.67,0
165,1616,億泰,2682733,-14.76,1703,1506404,0.11,1941485,2776143,0.06,1.69,46.95,0.01,0
166,1617,榮星,2984283,2.6,146273,1797135,8.24,1442332,3041241,4.94,1.83,38.17,1.02,0
167,1618,合機,2822947,2.36,241980,4615594,5.48,2408647,5036954,4.94,1,11.27,1,0
168,1626,艾美特-KY,9207346,-9.22,156239,3138916,5.07,1395876,9253342,1.68,2.17,66.19,1.12,0
169,1701,中化,8181056,2.37,559500,6626859,8.48,2980811,12356914,4.57,1.21,48.7,1.88,0
170,1702,南僑,17621763,-4.09,995601,6955389,14.96,2941330,25340484,3.99,1.34,73.09,3.84,0
171,1707,葡萄王,9168195,-0.77,1895095,7978454,24.75,1362864,13104121,15.1,1.44,34.23,9.34,0
172,1708,東鹼,4034992,-7.05,174129,5796077,3.01,2284419,11878285,1.45,0.6,52.83,0.76,0
173,1709,和益,8481829,-3.66,539660,7484947,7.28,4770163,11120153,4.88,1.35,35.88,1.16,0
174,1710,東聯,18763159,-16.02,-1471647,14911806,-9.67,8857031,34103627,-4.17,1.12,54.63,-1.22,0
175,1711,永光,7769066,-16.75,205022,8388383,2.48,5477522,13226389,1.56,1.18,40.26,0.39,0
176,1712,興農,17484401,2.36,721519,7107429,10.11,4204926,14955981,4.84,1.99,53.64,1.7,0
177,1713,國化,475644,-19.82,91433,2339296,3.96,1509517,2484080,3.72,0.42,6.27,0.61,0
178,1714,和桐,25849191,-4.84,2399546,16343964,14.76,10168248,24281825,9.94,1.99,41.89,1.68,0
179,1717,長興,38370366,-4.94,2493217,23238302,11.08,12402795,56188625,4.55,1.3,59.25,2.05,0
180,1720,生達,4305400,9.52,625560,4905835,12.99,1786961,7049447,9.01,0.99,32.93,2.93,0
181,1721,三晃,2752601,-15.15,524306,2477377,19.67,1889952,4799421,10.75,1.36,46.36,2.43,0
182,1722,台肥,10169742,-21.41,2452881,51308711,4.79,9800000,76346127,3.22,0.3,32.95,2.5,0
183,1723,中碳,5363774,-28.89,708027,6810426,10.67,2369044,11642873,6.13,1.11,39.14,3.09,0
184,1724,台硝,1746339,-8.14,25477,1946526,1.31,1278139,3140270,0.8,1.19,28.02,0.2,0
185,1725,元禎,7072520,-17.63,249050,3430670,7.52,1818300,5342572,4.73,2.75,36.12,1.37,0
186,1726,永記,7987996,0.61,830516,8763190,9.64,1620000,10286126,8.3,1.41,13.97,5.13,0
187,1727,中華化,1772950,-21.78,-153895,1268603,1.32,1082500,2298098,0.72,1.58,41.61,-1.26,0
188,1730,花仙子,3058759,-9.81,383850,1868498,20.83,632339,2595403,15.03,2.33,33.02,5.51,0
189,1731,美吾華,1065325,-3.23,171002,1876050,9.21,1329152,2476266,6.96,0.72,35.75,1.29,0
190,1732,毛寶,620713,4.52,38595,490521,7.97,424439,650622,6.06,1.75,23.78,0.91,0
191,1733,五鼎,2005337,-8.8,94629,1646167,5.8,999502,2651442,3.58,1.37,40.42,0.95,0
192,1734,杏輝,2388452,-0.17,-172559,3143823,-5.51,1677221,6126915,-2.81,0.69,45.87,-0.17,0
193,1735,日勝化,2363415,-25.55,74010,1484544,5.1,993880,3055063,2.44,1.91,49.53,0.74,0
194,1736,喬山,28366756,11.44,747354,10281725,7.66,3036166,31187089,2.44,1.59,66.08,2.24,0
195,1737,臺鹽,3130347,8.97,374589,6364228,5.95,2000000,7797719,4.89,0.68,19.06,1.83,0
196,1760,寶齡富錦,1568637,-0.34,27901,1239967,2.28,767391,3073954,1.12,1.46,28.91,0.36,0
197,1762,中化生,1543589,33.45,532063,2498663,21.7,775600,3147140,17.35,0.6,41.4,6.86,0
198,1773,勝一,7778275,3.6,1174007,5764974,21.02,1800000,8237310,14.82,1.87,29.61,6.52,0
199,1776,展宇,1380972,-14.46,56019,1098867,5.17,703470,1892973,3,1.53,40.81,0.65,0
200,1783,和康生,457691,1.21,63311,860227,7.45,694650,956470,6.71,0.68,28.19,0.91,0
201,1786,科妍,466881,6.62,128005,1404181,9.21,610050,1890726,6.81,0.41,26.91,2.1,0
202,1789,神隆,3082928,6.57,282067,10529403,2.68,7907392,11846763,2.37,0.42,12.12,0.36,0
203,1795,美時,10728583,15.42,1029651,8745414,12.11,2453540,19753418,5.37,0.85,56.78,4.22,0
204,1802,台玻,41907654,0.33,2460548,46800197,5.81,29080608,89929777,2.97,0.82,50.34,0.85,0
205,1805,寶徠,219762,72.81,-61775,604837,-10.07,1002654,1377771,-4.57,0.16,54.99,-0.62,0
206,1806,冠軍,3609001,-23.98,-402867,5516902,-7.35,4337821,9894776,-4.09,0.82,40.15,-0.93,0
207,1808,潤隆,7656236,82.35,117248,5070936,2.36,3699966,36797990,0.33,0.24,81.06,0.32,0
208,1809,中釉,1860523,-18.29,-96123,3469158,-2.77,1670419,4295774,-2.23,0.86,20.88,-0.36,0
209,1810,和成,5102207,-7.81,79404,5951582,1.36,3698536,10738661,0.74,0.87,47.71,0.24,0
210,1817,凱撒衛,2306521,-1.22,220056,1715527,13.01,726000,2549013,8.64,1.61,33.02,3.04,0
211,1903,士紙,159473,-5.87,-135685,3412685,-4.59,2600391,7521993,-1.92,0.05,61.75,-0.52,0
212,1904,正隆,40074390,-0.82,3743869,26786556,14.24,11082745,61005820,6.23,1.16,56.93,3.36,0
213,1905,華紙,18616694,-10.02,-312392,16985754,-1.85,11028353,32670233,-0.99,1.16,44.06,-0.18,0
214,1906,寶隆,1245461,-2.19,93259,6372862,1.73,1510000,8355580,1.27,0.39,32.17,0.62,0
215,1907,永豐餘,73234546,-1.75,6603903,58287999,11.73,16603715,123771210,5.41,1.07,58.06,3.14,0
216,1909,榮成,41600592,-13.01,927510,25423046,3.88,12776857,73676851,1.28,1.17,68.28,0.77,0
217,2002,中鋼,314783301,-14.05,2257833,323106981,0.71,157731290,636082697,0.36,0.96,50.17,0.05,1
218,2006,東和鋼鐵,42866290,-4.69,3556583,27707825,13.46,10587599,44421087,8,1.63,49.04,3.52,0
219,2007,燁興,5589791,-14.7,-484760,7424561,-6.7,5306516,12939217,-2.95,0.51,72.97,-0.89,0
220,2008,高興昌,962510,-15.73,-32794,2772158,-1.26,2008523,6662194,-0.54,0.4,52.64,-0.16,0
221,2009,第一銅,2260596,-11.17,79210,4548719,1.93,3596222,6038411,1.44,0.86,30.55,0.22,0
222,2010,春源,19228310,14.17,522395,10995110,4.82,6476554,18271473,2.85,1.64,38.29,0.79,0
223,2012,春雨,8054615,-13.7,263036,4131457,6.55,2877740,10745473,2.48,1.45,60.47,0.75,0
224,2013,中鋼構,13242169,-20.74,630701,4807058,13.5,2000000,14723286,4.28,1.97,70.26,3.26,0
225,2014,中鴻,36790154,-9.09,528260,15233274,3.64,14355444,27100057,1.93,2.37,52.18,0.37,0
226,2015,豐興,27298051,-1.58,2619426,19468210,13.76,5815994,23013862,11.73,2.24,14.81,4.5,0
227,2017,官田鋼,3493012,-11.68,65923,5271719,1.29,3418675,9386739,0.72,0.84,39.89,0.04,0
228,2020,美亞,5073767,13.17,392144,3144355,12.82,2225261,6777379,5.76,1.24,50.32,1.76,0
229,2022,聚亨,7930384,-31.75,-219823,5451198,-4.04,4797520,8162208,-2.63,2.2,38.45,-0.39,0
230,2023,燁輝,55421795,-7.19,517588,27831114,1.88,18905695,84032370,0.62,1.25,67.23,0.39,0
231,2024,志聯,1184430,-4.17,26843,1136592,2.38,975000,1923232,1.37,1.01,46.37,0.28,0
232,2025,千興,803775,-30.41,-209678,434108,-47.3,2811673,1754625,-12.2,1.06,67.38,-0.75,0
233,2027,大成鋼,59234909,-23.93,-101458,36956956,-0.3,16584659,98131485,-0.1,1.33,64.84,-0.44,0
234,2028,威致,8690155,-10.2,602547,3006687,21.1,3257148,6565820,9.25,2.67,60.07,1.85,0
235,2029,盛餘,9381644,-5.02,253371,8910744,2.88,3211800,10066823,2.57,1.82,9.21,0.77,0
236,2030,彰源,10560947,-11.88,108351,3909369,2.82,2805260,11667992,0.95,1.95,62.45,0.38,0
237,2031,新光鋼,9852311,16.21,845733,8101430,11.22,3082226,19893273,4.38,0.89,57.67,2.69,0
238,2032,新鋼,3266944,14.85,75993,1708979,4.47,1305215,2076932,3.63,2.45,16.18,0.58,0
239,2033,佳大,757773,-8.92,19810,1041869,1.93,806945,1195584,1.66,1.19,17.8,0.25,0
240,2034,允強,12717152,-22.02,423567,9089375,5.23,4371307,13212563,3.34,2.33,38.66,1.04,0
241,2038,海光,7600525,-4.44,149541,3540413,4.32,1812645,8303616,1.87,1.76,56.35,0.87,0
242,2049,上銀,21266659,5.21,1698779,27389394,6.57,3308663,48037782,3.52,0.74,51.06,6.05,0
243,2059,川湖,4801405,-1.38,1164589,11121041,10.59,952971,13375276,8.9,0.65,15.68,12.22,0
244,2062,橋椿,7237623,18.27,-77498,5188680,-1.52,1630142,12530665,-0.63,0.89,56.79,-0.48,0
245,2069,運錩,7433603,-14.83,40157,3259089,1.26,1563868,8415947,0.49,1.84,58.87,0.26,0
246,2101,南港,9695119,-12.77,844378,10787307,7.94,8339349,32025140,2.69,0.71,61.26,1.05,0
247,2102,泰豐,5704663,25.63,111477,7543425,1.81,4733292,14575805,0.95,0.58,46.19,0.24,0
248,2103,台橡,24024443,-16.9,215261,15858659,1.38,8257099,29268382,0.74,1.59,49.4,-0.03,0
249,2104,國際中橡,17105502,-23.11,676010,33819562,2.02,9847336,50187227,1.35,0.78,33.55,0.75,0
250,2105,正新,96209056,-11.98,6001203,80975281,7.63,32414155,151325153,3.99,1.16,52.47,1.85,0
251,2106,建大,30260185,-6.25,972225,19109727,5.15,9094100,42390039,2.3,1.35,55.3,1.07,0
252,2107,厚生,3282255,21.49,901716,11182259,8.2,3423260,12257115,7.47,0.37,16.75,2.62,0
253,2108,南帝,14402725,16.26,3620225,11287410,35.28,4924167,14409854,28.15,2.07,18.04,7.21,0
254,2109,華豐,4882864,-6.87,561919,4524978,12.84,3323492,8049717,7.2,1.25,43.56,1.33,0
255,2114,鑫永銓,1596510,-3.73,523696,2525111,21.84,709016,2916069,18.92,1.08,14.47,7.39,0
256,2115,六暉-KY,2602257,-4.22,594759,2719423,22.6,903664,4725135,13.36,1.24,44.52,6.58,0
257,2201,裕隆,82597514,-3.1,4839562,64875320,7.84,10000000,301322746,1.61,0.46,81.82,2.8,0
258,2204,中華,30874600,-3.73,3540548,45706644,7.85,5536203,54597693,6.61,1,18.07,6.01,0
259,2206,三陽工業,40774917,21.48,2051856,16066789,12.89,8030776,44018077,4.67,1.44,62.94,2.41,0
260,2208,台船,25296629,52.93,-1600087,5008081,-30.2,4730555,37247566,-4.39,0.84,81.59,-3.38,0
261,2211,長榮鋼,9349649,,1404259,16797569,,3994260,24053202,,,,2.65,0
262,2227,裕日車,29660638,-8.73,6540938,21674551,32.34,3000000,27764630,23.49,2.01,24.49,21.8,0
263,2228,劍麟,3423476,-25.03,98938,3681694,2.75,757803,5494037,1.84,1.52,22.55,1.3,0
264,2231,為升,3340199,-18.52,250171,3568748,7.13,1219166,7527861,3.19,1,37.04,2.03,0
265,2233,宇隆,2538399,7.83,359289,2839481,12.98,602881,4281814,8.71,1.05,31.08,6.23,0
266,2236,百達-KY,1181611,-34.17,27288,1298763,2.1,457597,2263862,1.22,1.36,42.66,0.69,0
267,2239,英利-KY,21644152,-1.35,825466,13445532,6.29,1180070,32363922,2.62,1.27,56.66,4.07,0
268,2241,艾姆勒,847271,,6546,1678002,,872753,2364110,,,,0.08,0
269,2243,宏旭-KY,757591,-57.13,-284892,551109,-43.62,456685,3902206,-7.78,0.88,75.02,-6.23,0
270,2247,汎德永業,39561996,,1070976,11356644,,807087,18549908,,,,14.5,0
271,2250,IKKA-KY,3623549,,107544,988387,,220000,3033070,,,,5.2,0
272,2301,光寶科,157133623,-11.71,9829204,74141514,13.29,23508670,176067237,5.57,1.65,60.01,4.31,1
273,2302,麗正,759358,52.55,105636,1738886,6.25,1663029,2146524,4.86,0.44,17.17,0.64,0
274,2303,聯電,176820914,19.31,27180412,235773102,11.9,124224015,377516375,7.29,0.68,44.02,2.42,1
275,2305,全友,582434,14.64,21579,2214923,0.98,2056608,2901120,0.75,0.3,23.9,0.08,0
276,2308,台達電,282605493,5.4,27384339,178589641,15.58,25975433,336416215,8.24,1.48,43.94,9.81,1
277,2312,金寶,128219874,-7.02,240132,24987998,0.97,14670052,99275157,0.24,2.44,73.35,0.11,0
278,2313,華通,60516929,7.73,4664701,29146571,16.45,11918206,66395616,7.09,1.56,57.95,3.91,0
279,2314,台揚,3949997,-31.88,-95415,2419530,-3.88,2280283,5399783,-1.84,2.03,47.15,-0.42,0
280,2316,楠梓電,4784973,-6.2,414059,7350506,5.71,1827405,12572852,3.3,0.71,41.32,2.14,0
281,2317,鴻海,5358023065,0.31,114325587,1474146409,8.03,138629906,3674275590,3.26,2.66,57.85,7.34,1
282,2321,東訊,1075547,-31.29,-34701,478995,-7.32,945997,1902890,-1.8,1.23,72.5,-0.9,0
283,2323,中環,9401027,33.33,124827,19321651,0.66,11588812,24805009,0.5,0.52,23.27,0.1,0
284,2324,仁寶,1048929251,6.99,10409512,115989650,9.14,44071466,466925698,2.31,4.23,70.01,2.15,1
285,2327,國巨,67672108,63.86,13003182,69499336,19.06,4969841,183030890,7.14,0.7,52.02,27.58,0
286,2328,廣宇,20547713,-19.63,790495,12788294,6.29,5183462,20679624,3.88,2.08,42,1.28,0
287,2329,華泰,13851909,-20.92,-266123,7602768,-3.99,7372225,14483819,-1.87,1.91,61.89,-0.48,0
288,2330,台積電,1339254811,25.17,518158082,1850621999,28.48,259303805,2760711405,19.2,0.7,28.38,19.97,1
289,2331,精英,25995735,-9.1,65950,11086684,0.59,5574030,23749910,0.28,2.08,52.82,0.11,0
290,2332,友訊,15179443,-10.71,1310560,9740355,14.18,6519961,15950230,8.51,1.84,43.19,1.9,0
291,2337,旺宏,39800947,13.73,5325612,36194392,15.03,18561864,65892218,8.29,0.97,46.43,2.9,0
292,2338,光罩,4666756,34.54,486307,3416690,15.28,2527136,9069965,6.01,1.07,45.49,3.34,0
293,2340,光磊,5590046,3.18,575129,7693326,7.7,3786228,10641427,5.4,0.93,29.48,1.52,0
294,2342,茂矽,1845652,35.95,219533,2177973,10.46,1561651,2962981,7.58,0.83,28.82,1.42,0
295,2344,華邦電,60683171,24.42,1519043,70592687,2.27,39800002,126043240,1.23,0.83,39.07,0.33,0
296,2345,智邦,54462872,-1.7,5048640,14483073,36.72,5594564,31122969,16.88,3.45,56.63,9.07,1
297,2347,聯強,334200976,-1.66,8538386,56850168,15.66,16679470,159675713,5.54,3.97,64.83,4.89,0
298,2348,海悅,3747452,119.21,1431116,3358857,47.09,967836,9208138,17.14,0.59,62.71,15.1,0
299,2349,錸德,6578209,-15.51,-801727,10287946,-7.65,6936797,19551669,-4.03,0.62,46.7,-1.29,0
300,2351,順德,8450611,-4.47,401381,6011354,6.77,1821403,10575718,3.85,1.48,42.56,1.92,0
301,2352,佳世達,191701702,12.94,6366561,58963220,10.79,19667820,170811949,3.83,2.19,64.69,2.54,1
302,2353,宏碁,277112477,18.27,6145610,61941964,10.17,30478538,183908672,3.46,2.55,62.08,2.01,1
303,2354,鴻準,104789599,4.48,4686123,110268755,4.45,14144852,169109720,2.8,1,34.01,3.34,1
304,2355,敬鵬,15313285,-14.31,45702,15306104,0.3,3974954,22477318,0.21,1.36,31.89,0.12,0
305,2356,英業達,508294198,1.46,6572978,57890743,11.34,35874751,214161437,2.95,4.37,70.5,2.1,1
306,2357,華碩,412780439,17.49,28386878,214641551,12.59,7427603,396514716,6.57,1.76,47.93,35.76,1
307,2358,廷鑫,1920858,-5.2,10429,1214920,0.85,946162,3145443,0.33,1.13,58.44,0.11,0
308,2359,所羅門,3527149,-5.03,30390,4869154,0.62,1714711,6482437,0.47,1.06,20.66,0.12,0
309,2360,致茂,15532543,11.67,2380957,16388693,15.02,4212945,28128883,8.65,0.92,41.87,5.56,0
310,2362,藍天,20238946,-7.67,666944,39879138,1.69,6697630,94266222,0.69,0.38,60.36,1.12,0
311,2363,矽統,160171,-28.2,-300090,17507575,-2.06,6309675,17594109,-2.04,0.05,1.07,-0.47,0
312,2364,倫飛,863359,4.18,15432,256428,6.12,1959324,1168651,1.32,1.19,77.88,0.11,0
313,2365,昆盈,1653269,2.98,146905,3002175,4.85,2245285,3697542,3.91,0.67,14.71,0.64,0
314,2367,燿華,14386972,-35.82,-1435460,9671800,-14.62,6194072,23834297,-6.08,1.58,54.68,-2.32,0
315,2368,金像電,23398323,22.99,2066612,9265636,22.79,5464879,21649496,9.33,1.57,65.73,3.82,0
316,2369,菱生,5457586,15.64,-163140,5133515,-3.16,3801023,7645260,-2.12,1,35.61,-0.44,0
317,2371,大同,31641355,-10.71,-4988030,23841188,-20.13,23395367,110555435,-4.55,0.5,75.92,-0.46,0
318,2373,震旦行,12950974,-4.81,1558735,8924147,18.26,2362025,18062909,8.86,1.4,51.06,6.4,0
319,2374,佳能,3442017,-47.78,-444902,5896458,-7.5,2823628,9131183,-4.82,1.15,33.42,-1.63,0
320,2375,凱美,4466552,-1.77,581393,7641614,7.75,1358442,13698167,4.31,0.64,40.49,3.42,0
321,2376,技嘉,84602841,36.92,4331235,27413122,16.34,6356889,49429157,8.74,2.79,35.42,6.88,1
322,2377,微星,146502789,21.59,7959505,35539852,23.11,8448562,78397515,10.34,3.44,48.61,9.42,1
323,2379,瑞昱,77759470,28.01,8793526,29468746,30.88,5106849,78095917,11.03,1.42,62.92,17.24,0
324,2380,虹光,1835372,11.64,-412653,1100865,-37.63,1794441,2697041,-15.65,1.06,45.17,-2.36,0
325,2382,廣達,1090858851,5.95,25390060,150292855,17.32,38626274,663857379,3.92,2.87,76.91,6.57,1
326,2383,台光電,27200786,9.32,3694270,16755509,22.88,3329183,27856806,13.62,1.72,47.34,11.33,0
327,2385,群光,95082227,2.73,6567771,32671682,20.62,7394603,75441996,8.91,2.19,55.36,7.8,0
328,2387,精元,21179505,64.34,1293318,8446762,15.95,1962980,22187577,6.04,1.49,53.89,6.39,0
329,2388,威盛,6502715,17.65,4844834,10574427,67.31,4951858,18442050,35.31,1.04,57.13,9.57,0
330,2390,云辰,531099,-14.52,195323,2351289,8.41,2140216,2928608,6.74,0.41,21.19,0.91,0
331,2392,正崴,89552100,-8.53,1884368,30083888,6.36,5123269,82262102,2.25,2.16,61.47,4.06,1
332,2393,億光,21637035,3.14,1249680,17938690,7.06,4433931,30267150,4.22,1.29,39.35,2.79,0
333,2395,研華,51119408,-5.62,7302987,35046423,21.45,7722545,50199385,14.91,2.05,30.68,9.4,0
334,2397,友通,8349522,18.74,477833,5033639,9.55,1146889,8084004,5.91,1.72,38.59,3.54,0
335,2399,映泰,2104572,-2.35,145600,2149432,6.64,1781000,2808277,5.15,1.29,26.1,0.8,0
336,2401,凌陽,6414140,16.83,618827,10019001,6.29,5919949,12620589,5.01,0.48,16.69,0.55,0
337,2402,毅嘉,5502842,-11.31,120190,5703484,2.13,3075366,9460234,1.33,1.26,30.99,0.4,0
338,2404,漢唐,35836642,49.81,4091332,10151518,42.14,1905867,27048567,15.42,1.82,62.15,21.16,0
339,2405,浩鑫,1744376,-45.51,62105,3398052,1.85,3434273,3913584,1.61,1.3,22.4,0.17,0
340,2406,國碩,9554735,12.78,-560980,5858681,-10.1,2859057,15674046,-3.74,1.01,65.16,-2.17,0
341,2408,南亞科,61005514,17.94,7686041,153812027,5,30972203,165631980,4.62,0.55,7.93,2.51,1
342,2409,友達,270955381,0.8,2907427,193790365,1.55,96242451,407270295,0.73,1.18,52.73,0.36,1
343,2412,中華電,207608998,0.04,34705543,389258457,9.03,77574465,506377992,6.91,0.76,19.07,4.31,1
344,2413,環科,3801959,4.55,-13831,1589361,-0.89,1273592,4611671,-0.3,1.33,67.25,-0.1,0
345,2414,精技,21557473,13.62,371786,3238542,11.64,1617358,7165650,5.02,4.58,55.7,2.25,0
346,2415,錩新,1964549,-10.28,87210,2080241,4.23,800000,5590680,1.63,0.79,59.56,0.66,0
347,2417,圓剛,7051145,139.77,1617691,5719177,29.63,1928923,7998126,20.08,1.06,17.23,6.41,0
348,2419,仲琦,10278461,-0.46,402659,5582887,7.35,3289862,12555955,3.28,2.07,44.09,0.87,0
349,2420,新巨,2475359,-7.61,444452,3251623,13.92,1526487,5568202,7.56,0.79,46.87,2.9,0
350,2421,建準,12781281,9.62,851650,4594129,18.93,2509297,10419061,8.3,2.21,55.2,3.39,0
351,2423,固緯,2306140,-9.62,199070,2326668,8.69,1450472,3688376,5.96,1.43,25.06,1.37,0
352,2424,隴華,17978,-21.32,-141504,129127,-136.82,189670,583468,-30.64,0.07,59.26,-7.73,0
353,2425,承啟,4672310,-1.53,183413,1933668,9.76,1014988,2911546,6.44,3.19,27.77,1.51,0
354,2426,鼎元,2428616,-3.62,307901,3946162,7.86,3006223,6208768,5.06,0.73,40.28,1.02,0
355,2427,三商電,3021959,-0.58,115687,2222870,5.21,1843145,4398765,2.66,1.06,51.56,0.63,0
356,2428,興勤,5920258,1.83,1380603,7444787,19.25,1281127,11030660,13.06,1.18,25.55,10.81,0
357,2429,銘旺科,900394,-7.63,-69543,314872,-24.11,397482,973199,-7.68,1.83,66.76,-1.63,0
358,2430,燦坤,19542720,3.31,308372,4786957,6.5,1664688,13974028,2.22,2.46,64.62,1.85,0
359,2431,聯昌,2298426,-22.57,46775,1376748,3.41,1109270,2297477,2.06,2.29,40.43,0.42,0
360,2433,互盛電,4050378,-6.34,590755,4821828,12.66,1444960,7948046,7.51,0.93,40.21,3.93,0
361,2434,統懋,133723,-20.13,-6266,335884,-2.29,270000,552424,-0.94,0.42,79.47,-0.33,0
362,2436,偉詮電,2619977,12.83,341504,3187255,11.15,1780100,4309329,7.94,1.06,21.83,1.94,0
363,2438,翔耀,379424,-12.1,22168,823324,2.71,601956,948088,2.37,0.75,16.21,0.07,0
364,2439,美律,34444819,-5.44,1319400,12270743,11.11,2093332,34155348,4.03,2.38,49.61,6.39,0
365,2440,太空梭,2990077,8.05,219766,1257787,17.94,1391173,2184414,10.44,2.01,55.31,1.58,0
366,2441,超豐,14701682,22.2,2662311,17996719,15.12,5688459,21532124,12.71,1.09,14.66,4.68,0
367,2442,新美齊,5306536,7.87,122004,3957910,2.9,2400593,11586578,0.92,0.68,66.25,0.6,0
368,2443,億麗,469729,-48.72,-454870,515245,-76.16,1456870,891342,-45.62,0.71,30.18,-3.09,0
369,2444,兆勁,1774217,12.58,-94762,863289,-11,1055576,1866657,-5.06,1.59,43.84,-0.93,0
370,2449,京元電子,28959304,13.39,3637140,29326076,12.8,12227451,61315518,5.98,0.81,52.43,2.97,0
371,2450,神腦,27007073,-6.44,435915,5927120,7.46,2582527,10175204,4.27,4.83,41.78,1.69,0
372,2451,創見,11446696,-15.19,1197735,18672026,6.47,4290617,20737622,5.86,1.12,8.46,2.79,0
373,2453,凌群,5757866,-2.59,166842,1894704,8.96,1000000,4289866,3.94,2.3,57.97,1.7,0
374,2454,聯發科,322145988,30.84,41438573,375084451,11.57,15902755,533906327,8.09,0.94,31.46,26.01,1
375,2455,全新,2645003,4.51,532588,2901719,18.83,1849059,4318600,12.43,1.01,34.77,2.88,0
376,2456,奇力新,17437999,9.88,1543073,25599669,6.12,2633292,42072391,3.68,0.68,41.3,5.91,0
377,2457,飛宏,9243618,-13.57,-154613,4744881,-3.28,3376884,10362671,-1.55,2,48.45,-0.46,0
378,2458,義隆,15099690,59.15,3193038,9273056,36.86,3038804,14452190,23.05,1.48,32.4,11.14,0
379,2459,敦吉,6364618,-15.91,502440,4859804,10.57,1055956,8782477,5.86,1.57,44.91,4.25,0
380,2460,建通,3454386,0.33,-42496,2152906,-1.99,1692000,5198002,-0.82,1.08,60.03,-0.25,0
381,2461,光群雷,5439230,4.6,191139,3965924,5.25,1593246,7959490,2.51,1.34,52.21,0.96,0
382,2462,良得電,4526914,-3.82,123760,2597295,4.8,1419346,4910342,2.54,1.71,45.73,0.87,0
383,2464,盟立,8908665,-29.2,513384,4109162,12.71,1955312,11208529,4.67,2,64.49,2.63,0
384,2465,麗臺,4548266,24.96,24782,316812,8.3,535873,1668803,1.63,4.52,79.02,0.5,0
385,2466,冠西電,1245165,-46.02,6368,1640392,0.39,1563342,4060014,0.16,1.06,59.41,0.04,0
386,2467,志聖,4085806,-8.07,475245,2682492,18.46,1492055,6750801,7.36,1.21,58.66,2.94,0
387,2468,華經,2160998,-2.66,38776,1138068,3.4,699612,1952647,2.14,1.94,40.34,0.55,0
388,2471,資通,773691,7.09,97961,771770,12.94,472539,1302705,7.74,1.02,39.57,2.07,0
389,2472,立隆電,7822322,11.17,976185,7403640,14.16,1532635,11565215,8.59,1.17,46,5.13,0
390,2474,可成,82506032,-9.96,21166068,158071602,14.03,7616181,255903195,8.47,0.61,38.88,27.65,1
391,2476,鉅祥,4779614,-4.31,356967,5328057,6.85,1849683,8278321,4.39,1.12,33.02,1.55,0
392,2477,美隆電,3053333,-21.08,176048,3347399,5.3,1982165,9773644,2.14,1.08,43.85,0.92,0
393,2478,大毅,5394839,19.81,670135,5873989,11.63,1447423,9155867,7.48,1.01,31.24,4.7,0
394,2480,敦陽科,5542811,0.39,497618,2829012,18.04,1063603,5743047,9.27,1.94,45.29,4.68,0
395,2481,強茂,10485100,14.67,900541,7246732,12.89,3328149,17758018,5.18,1.01,58.67,2.7,0
396,2482,連宇,815658,-17.35,-30775,729516,-4.17,620725,1138866,-2.62,1.47,35.02,-0.5,0
397,2483,百容,1780115,-1.01,84148,2381380,3.55,1090938,3887911,2.19,0.86,34.92,0.76,0
398,2484,希華,2590872,12.74,161803,3139580,5.28,1594210,4599558,3.63,1.02,25.24,1.02,0
399,2485,兆赫,7937362,2.03,-156171,6465638,-2.4,3176890,8687467,-1.78,1.62,21.25,-0.48,0
400,2486,一詮,4197470,14.45,-156591,2902582,-5.42,2019586,6073693,-2.6,1.07,49.08,-0.75,0
401,2488,漢平,1937736,-23.64,182405,2083808,8.87,799994,3345591,5.45,1.42,31.81,2.27,0
402,2489,瑞軒,16747887,10.42,569570,12536616,4.64,8093620,19108191,3.04,1.53,30.14,0.68,0
403,2491,吉祥全,400282,23.3,214761,1997140,11.48,820080,2172244,10.4,0.28,11.12,1.5,0
404,2492,華新科,35599249,18.7,7217645,45654194,16.45,4858043,82080495,9.09,0.9,39.25,13.66,0
405,2493,揚博,2600664,4.71,308769,2354005,13.27,1144373,3649044,8.62,1.32,30.24,2.7,0
406,2495,普安,1130547,-17.9,-65419,3964347,-1.65,2735515,5119151,-1.3,0.45,19.26,-0.24,0
407,2496,卓越,776397,-11.77,62913,811447,7.8,191854,1263503,5.1,1.04,46.82,3.3,0
408,2497,怡利電,1633351,-25.82,-81921,1339373,-6.17,1187985,2858424,-2.89,1.37,49.5,-0.69,0
409,2498,宏達電,5805708,-42.03,-6022598,29953576,-19.76,8186444,45066337,-13.25,0.33,33.64,-7.27,0
410,2501,國建,13973611,20.42,1516787,25399128,6.17,11595611,59496928,2.55,0.34,54.44,1.28,0
411,2504,國產,18877800,0.5,2550807,21330376,12.2,11800000,34728910,7.38,0.89,42.03,1.9,0
412,2505,國揚,14277915,642.47,4943067,9290594,46.38,3800000,20309086,24.25,0.17,55.75,7.58,0
413,2506,太設,2949552,249.35,34394,8617130,0.4,3870000,14497631,0.23,0,46.15,-0.15,0
414,2509,全坤建,1338077,-22.7,231789,4854325,4.85,2245505,7847882,2.93,0.37,44.09,1.03,0
415,2511,太子,11963426,-2.67,729513,24425362,3.03,16233261,52165414,1.4,0.38,55.89,0.49,0
416,2514,龍邦,10776324,14.98,1128337,9533970,12.61,3947293,24230420,4.91,0.78,54.16,3.05,0
417,2515,中工,13470962,6.99,598847,20415542,2.97,15308998,42108717,1.41,0.51,53.67,0.4,0
418,2516,新建,6303705,-13.87,-704543,1723117,-39.9,2262785,5929825,-11.77,1.55,67.96,-3.11,0
419,2520,冠德,27345405,77.29,3905137,17365557,24.16,5037910,57377041,6.71,0.44,74.18,6.8,0
420,2524,京城,8667849,44.7,1684892,14662215,11.67,3711931,32379214,5.23,0.27,62.78,4.48,0
421,2527,宏璟,3471930,-46.03,373736,8303902,4.83,2703060,17057882,2.23,0.65,52.86,1.49,0
422,2528,皇普,1174984,86232.4,-210459,3742191,-6.46,3299974,12289613,-1.75,0,66.44,-0.73,0
423,2530,華建,87377,759.16,-95668,6400558,-1.98,5207525,8630866,-1.37,0,34.53,-0.32,0
424,2534,宏盛,2771905,-53.13,610066,13023505,4.74,4742280,33823686,1.8,0.2,53.12,1.12,0
425,2535,達欣工,15108083,40.49,1121231,8363767,13.69,3339707,19785874,5.79,1.09,56.95,3.74,0
426,2536,宏普,3977450,37.82,612668,12176754,5.05,3328087,23585966,2.65,0.26,39.6,1.84,0
427,2537,聯上發,1476336,87.19,176390,4032863,4.35,3005579,12242157,1.5,0.18,56.34,0.59,0
428,2538,基泰,506739,191.52,-125610,6684526,-1.87,4384488,20817742,-0.61,0.02,64.73,-0.32,0
429,2539,櫻花建,4616492,-37.88,822140,7767161,10.95,5589173,18142845,4.57,0.72,47.02,1.48,0
430,2540,愛山林,4778150,116.04,906148,5270479,17.79,1466000,15800823,5.84,0.3,65.67,6.18,0
431,2542,興富發,24463018,2.79,2823254,35800518,7.97,12902969,180807358,1.62,0.28,76.7,2.11,0
432,2543,皇昌,6406216,12.45,51668,2171706,2.39,2419837,8093466,0.65,1.28,72.07,0.15,0
433,2545,皇翔,6456420,102.23,1746646,11424761,15.61,3277348,41530427,4.25,0.13,74.97,5.33,0
434,2546,根基,14130629,23.29,626444,3069278,20.84,1060357,9433656,6.68,2.4,66.88,5.91,0
435,2547,日勝生,6772332,7.51,667285,12237575,5.54,9000946,56793796,1.18,0.2,78.09,0.69,0
436,2548,華固,11338494,-42.79,2772769,17527537,16.08,2768127,36197744,7.75,0.99,53.49,10.05,0
437,2597,潤弘,14468066,24.19,1089458,5705094,20.3,1350000,12048273,9.24,1.86,52.56,7.48,0
438,2601,益航,6441828,-20.26,-321142,12111345,-2.68,6867627,36403562,-0.91,0.37,65.35,-0.42,0
439,2603,長榮,207077912,9,28767310,101494293,30.85,48980353,334220840,8.74,1.08,76,5.06,0
440,2605,新興,3985650,-3.96,255092,15638425,1.93,5853533,21145563,1.42,0.3,28.32,0.24,0
441,2606,裕民,8507364,-15.41,878425,23175494,3.81,8450557,60642487,1.46,0.27,56.88,1.04,0
442,2607,榮運,6966387,-9.89,682563,23349617,2.98,10671411,35071774,1.98,0.39,34.81,0.64,0
443,2608,嘉里大榮,12344210,4.12,1570394,10822703,14.78,4670005,21668904,7.32,0.96,53.47,3.21,0
444,2609,陽明,151276683,1.76,12186788,36334852,43.22,31676622,194975985,6.27,1.36,91.06,4.51,1
445,2610,華航,115250550,-31.42,-279814,60711573,-0.47,54209846,284194084,-0.1,1,79.48,0.03,1
446,2611,志信,605824,-32.61,-60982,2723969,-2.39,1729942,4527959,-1.39,0.33,42.5,-0.1,0
447,2612,中航,3131115,-16.7,329039,9749934,3.37,1974846,19483837,1.68,0.33,50.22,1.67,0
448,2613,中櫃,2830493,-1.68,30773,3075903,1.01,1484235,11171202,0.27,0.43,73.86,0.23,0
449,2614,東森,4728014,44.31,493106,6745523,7.39,5567899,16223474,3.08,0,56.73,0.94,0
450,2615,萬海,81880182,12.77,11357488,44172342,27.92,22182975,108597618,11.25,1.48,58.51,5.1,1
451,2616,山隆,15955500,-11.43,379889,5275744,7.44,1372818,10042999,3.89,3.5,52.99,2.73,0
452,2617,台航,2491088,-20,518147,10783235,4.97,4172945,16725364,3.14,0.36,32.24,1.24,0
453,2618,長榮航,89048776,-50.88,-3276719,76659529,-4.33,48535695,329567255,-0.99,0.87,78.07,-0.69,1
454,2630,亞航,3895091,-0.47,42388,1636391,2.6,1311710,4385347,0.93,1.47,64.72,0.32,0
455,2633,台灣高鐵,39137205,-17.62,5843037,70086656,8.49,56282930,427566970,1.37,0.19,83.96,1.04,0
456,2634,漢翔,21042937,-26.27,395858,13964272,2.85,9418671,44024300,0.89,1.07,68.05,0.42,0
457,2636,台驊投控,15160243,34.18,570727,3302990,18.97,1257683,7714362,7.9,3.25,57.8,4.72,0
458,2637,慧洋-KY,11939433,-13.69,111414,26496236,0.41,7464092,82411595,0.13,0.27,66.28,0.15,0
459,2642,宅配通,3983309,7.29,209015,1984272,10.54,954670,3840407,5.48,1.79,51.69,2.19,0
460,2701,萬企,264691,-24.06,174120,7532290,2.34,4499678,8780124,1.99,0.07,13.83,0.39,0
461,2702,華園,741703,-51.02,-270309,961951,-25.93,1104856,7032760,-3.75,0.34,83.14,-2.45,0
462,2704,國賓,2008699,-31.11,3255,11179079,0.03,3669234,13296294,0.03,0.42,12.29,0.01,0
463,2705,六福,1490520,-28.86,-374392,1248372,-30.09,1865366,11518462,-3.3,0.32,86.52,-2.01,0
464,2706,第一店,264866,-23.61,160741,9027059,1.8,4999984,10492529,1.53,0.06,13.49,0.32,0
465,2707,晶華,5422910,-17.02,732868,3650028,20.66,1274020,10954349,6.77,0.99,68.6,5.18,0
466,2712,遠雄來,573115,34.77,97370,1281367,7.65,1050000,1501862,6.57,0.52,20.59,0.93,0
467,2722,夏都,736669,-2.18,85030,1972824,4.38,1115229,2570800,3.32,0.53,27.07,0.79,0
468,2723,美食-KY,19679455,-15.23,998224,10671014,9.56,1800000,22177263,4.49,1.8,54.82,5.64,0
469,2727,王品,15233747,-6.29,255926,4097512,6.31,769879,13286194,2,2.25,65.99,4.61,0
470,2731,雄獅,6545177,-78.3,-415013,1714847,-23.98,700000,6035251,-6.45,5.9,74.25,-5.9,0
471,2739,寒舍,2806550,-37.36,-351467,1504949,-23.12,1115260,14661296,-2.42,0.5,87.96,-3.15,0
472,2748,雲品,1833643,-22.98,108891,1320124,8.49,754826,4243026,2.57,0.93,70.93,1.44,0
473,2841,台開,334804,-14.61,-1829001,17965226,-9.98,7609436,36156140,-5,0.02,47.46,-2.41,0
474,2901,欣欣,108989,-20.82,14087,860592,1.64,730433,988692,1.43,0.24,12.08,0.19,0
475,2903,遠百,37287949,-1.68,2544897,39788288,6.5,14169406,128423769,2.02,0.5,70.19,1.38,0
476,2904,匯僑,540837,7.05,159718,1038438,15.68,690344,1638028,9.86,0.62,29.58,2.31,0
477,2906,高林,6607185,-8.88,209254,5391093,3.95,2091111,9153615,2.29,1.05,30.92,0.15,0
478,2908,特力,41790703,9.83,806869,6783981,12.02,5098875,37661698,2.15,1.87,81.96,1.6,0
479,2910,統領,554440,-14.72,114159,2363033,4.89,2087250,6259675,1.83,0.17,62.29,0.65,0
480,2911,麗嬰房,4025561,-20.2,-317238,2184059,-14.49,1846778,4860348,-6.42,1.51,53.18,-1.72,0
481,2912,統一超,258494907,1,11340258,44977699,25.8,10396223,209493934,5.52,2.36,76.82,9.85,1
482,2913,農林,311765,4.27,-17351,15792190,-0.11,7900000,25098488,-0.07,0.02,35.91,-0.02,0
483,2915,潤泰全,2736394,-21.51,8091349,115606494,7.6,5648606,153672049,5.59,0.05,28.91,14.85,0
484,2923,鼎固-KY,13419916,133.91,1177355,54151689,2.23,17402970,116503422,0.99,0.08,55.64,0.68,0
485,2929,淘帝-KY,2808383,-61.37,-2221499,3489770,-57.56,1094938,5801578,-37.67,1.5,29.82,-20.31,0
486,2936,客思達-KY,10314597,-12.16,246332,2644393,9.37,765557,5392630,4.51,3.14,57.94,3.24,0
487,2939,凱羿-KY,1837782,-18.25,3114,1058501,0.3,455487,1417328,0.21,2.23,19.91,0.2,0
488,3002,歐格,818717,19.66,51031,1377021,3.72,1020000,1898011,2.69,0.61,26.7,0.57,0
489,3003,健和興,3382931,-3.45,366958,4871184,7.65,1556549,6914031,5.45,0.95,29.48,2.32,0
490,3004,豐達科,1704031,-39.49,59832,1873149,3.19,526472,4390290,1.34,0.99,61.56,1.14,0
491,3005,神基,27837743,3.28,2668793,17993295,15.27,5892477,33854933,8.24,1.57,45.53,4.4,0
492,3006,晶豪科,15267139,27.4,1084441,8129283,13.54,2857589,13000348,8.52,2.03,29.96,3.85,0
493,3008,大立光,55944489,-7.9,24534131,140802158,17.87,1341402,171276230,14.75,0.7,17.83,182.9,1
494,3010,華立,59080920,8.04,2046116,14908460,14.17,2313901,38754969,5.49,2.78,61.39,8.03,0
495,3011,今皓,1320863,-2.16,-90140,959398,-9.29,1127192,1824918,-5.01,1.31,40.8,-0.8,0
496,3013,晟銘電,6124518,1.65,80176,2460356,3.26,1559350,4964039,1.66,2.17,49.21,0.4,0
497,3014,聯陽,4817829,31.46,935476,4809398,20.45,1610801,6487655,15.22,1.22,24.67,5.83,0
498,3015,全漢,14796460,3.82,692075,11492660,6.24,1872620,18448479,3.82,1.6,42.28,3.55,0
499,3016,嘉晶,4039180,4.79,25693,4045539,0.64,2796356,5965564,0.43,1.14,36.57,0.09,0
500,3017,奇鋐,39665534,8.57,2074700,11288338,19.14,3533101,40676236,5.24,1.87,73.75,5.42,0
501,3018,同開,1633103,51.91,-67479,517849,-12.63,731471,1721909,-4.31,1.2,60.6,-0.8,0
502,3019,亞光,15760061,-13.01,608006,14959469,4.07,2810839,20162647,3.03,1.58,21.32,1.41,0
503,3021,鴻名,2717038,8.06,95988,1255021,7.72,940000,2715993,3.64,1.84,49.83,1.03,0
504,3022,威強電,5947577,6.08,996362,7594686,13.47,1765978,10849879,9.51,1.04,28.42,5.64,0
505,3023,信邦,21797542,20.62,2183500,9768133,23.94,2327775,23683043,9.82,1.93,54.63,9.08,0
506,3024,憶聲,1280877,-5.08,43498,2614224,1.41,2771575,3709704,0.99,0.63,29.85,0.17,0
507,3025,星通,598096,9.82,78648,845598,9.43,709206,1072143,7.5,0.92,20.29,1.11,0
508,3026,禾伸堂,14830428,1.54,1229790,9543806,12.9,1579908,14629920,8.59,1.85,31.9,8.31,0
509,3027,盛達,849824,36.6,34861,1483020,2.34,988563,2448657,1.44,0.52,32.09,0.32,0
510,3028,增你強,34401169,27.51,472025,4801558,9.91,2138249,19290177,2.63,3.29,69.03,2.21,0
511,3029,零壹,9834318,10.31,440398,2669412,16.89,1256402,5471676,8.58,3.07,53.57,3.55,0
512,3030,德律,4950695,12.85,1092656,5702194,19.42,2362160,6997303,15.66,1.17,18.06,4.63,0
513,3031,佰鴻,1375687,-22.21,133115,2819564,4.88,1816742,3480064,4,0.87,19.43,0.74,0
514,3032,偉訓,9233174,19.33,559643,3647865,15.71,1132856,9478533,5.99,1.63,56.35,4.21,0
515,3033,威健,58413402,21.13,699309,6074078,11.69,3677513,22853830,3.07,3.64,75.77,1.9,0
516,3034,聯詠,79955520,24.21,11817239,39943203,31.34,6085115,58100689,21.68,2.37,29.43,19.42,1
517,3035,智原,5495307,3.62,255997,6340994,4.27,2485503,8199156,3.2,1.22,31.67,1.08,0
518,3036,文曄,353152195,5.36,3794576,46116381,8.95,9232317,131009598,3.06,5.62,76.84,5.22,1
519,3037,欣興,87892821,6.49,5317528,53100558,10.27,15047323,124710224,4.38,1.29,56.12,3.74,1
520,3038,全台,3737299,-9.01,232996,1980565,11.93,1624076,3609189,6.22,1.97,46.33,1.57,0
521,3040,遠見,154852,-23.14,399236,1677766,24.51,630000,1801374,22.82,0.24,10.45,6.34,0
522,3041,揚智,2071615,2.99,-240957,3099079,-7.72,1945399,3804273,-6.38,0.87,16.36,-1.26,0
523,3042,晶技,11048392,31.05,1429287,9655006,15.36,3097570,16601711,8.82,1.09,34.94,4.61,0
524,3043,科風,1039271,-14.14,-46614,70775,-53.69,1948781,1125815,-4.04,1.67,91.17,-0.25,0
525,3044,健鼎,55547908,2.01,6125394,36060429,17.4,5256059,75249230,8.29,1.36,52.31,11.65,0
526,3045,台灣大,132860984,6.78,12393778,71990212,17.5,35124215,184584602,6.79,1.37,51.81,4.01,1
527,3046,建碁,1756214,1.81,-65391,601318,-11.26,714480,1597659,-4.19,2.04,57.99,-0.93,0
528,3047,訊舟,6313382,15.21,227249,3046296,7.49,1892408,7612291,2.96,1.45,61.36,0.56,0
529,3048,益登,108522967,12.02,697196,3720673,19.21,2225726,23332781,3.21,8.14,81.85,3.13,1
530,3049,和鑫,3086399,-29.89,359746,9710688,3.75,8069485,17429473,2.15,0.44,43.43,0.43,0
531,3050,鈺德,964940,-5.46,140564,2619210,5.35,1459845,5485991,2.55,0.32,52.38,0.8,0
532,3051,力特,2417836,-4.39,16464,1245363,1.34,3253324,8807966,0.19,0.49,86.23,0.05,0
533,3052,夆典,5217591,-7.22,322455,3141092,10.26,2287135,7556282,4.34,0.69,63.37,1.59,0
534,3054,立萬利,276879,113.34,-13613,936031,-1.44,878480,1003351,-1.35,0.2,14.83,-0.16,0
535,3055,蔚華科,3700321,27.12,-36086,2360567,-1.53,1024419,6177513,-0.65,1.04,50.21,-0.48,0
536,3056,總太,4684643,25.18,1024587,5215019,21.33,2103341,17727722,5.66,0.55,66.17,4.9,0
537,3057,喬鼎,963405,-22.65,-47715,815365,-5.71,880868,1566230,-2.94,1.1,54.57,-0.69,0
538,3058,立德,4163616,-7.94,-121984,1871341,-6.45,1619374,5114852,-2.44,1.64,57.85,-0.76,0
539,3059,華晶科,6102675,-1.4,161508,9023853,1.8,2794973,14718146,1.11,0.77,34.57,0.6,0
540,3060,銘異,3889506,-28.03,-281631,2886807,-9.66,1375632,4671659,-5.99,1.7,40.48,-1.85,0
541,3062,建漢,4834151,-15.4,23575,5393762,0.44,3286054,8024343,0.29,1.27,31.56,0.07,0
542,3090,日電貿,9241488,4.78,627543,4515870,14.55,1786572,7801323,8.36,2.08,39.5,3.36,0
543,3092,鴻碩,2651387,,127301,1694256,,832810,4241380,,,,1.58,0
544,3094,聯傑,233542,-3.71,33436,1043786,3.21,846321,1160407,2.9,0.34,10.48,0.41,0
545,3130,一零四,1634481,-0.12,256170,1465739,17.88,331907,2657524,9.96,1.15,42.02,7.8,0
546,3138,耀登,1121773,,111752,1157790,,466957,1817239,,,,2.63,0
547,3149,正達,2448536,-14.57,-293123,1537293,-20.83,2063936,4047291,-7.52,1.27,60.94,-1.42,0
548,3164,景岳,325191,-6.08,60215,1481872,4.1,863414,1612823,3.77,0.38,7.83,0.69,0
549,3167,大量,2427607,24.96,415518,2082436,21.66,801341,5495311,8.33,0.85,55.06,5.23,0
550,3189,景碩,27098474,21.37,929443,29189559,3.2,4508625,42783952,2.19,0.92,30.85,1.21,0
551,3209,全科,41948823,6.03,451051,3435870,13.44,1891813,12585068,3.37,5.79,73.2,2.51,0
552,3229,晟鈦,390868,-30.74,-230284,349997,-57.09,935159,644483,-33.38,1.03,34.16,-2.27,0
553,3231,緯創,845011844,-3.79,12907896,83926079,15.64,28406121,428822445,3.25,4.36,75.62,3.1,1
554,3257,虹冠電,1071450,55.82,239751,1560602,15.81,727390,1794488,13.71,0.72,7.88,3.34,0
555,3266,昇陽,3216269,63.34,143161,5632218,2.54,3523143,11328094,1.26,0.32,48.95,0.4,0
556,3296,勝德,2511738,-10.7,22475,1466532,2.79,967244,2462120,1.69,2.17,31.99,0.23,0
557,3305,昇貿,5280588,1.24,178533,3671295,4.95,1182653,6633285,2.7,1.43,43.98,1.51,0
558,3308,聯德,329881,-45.41,-87435,698998,-12.25,985696,1525201,-5.68,0.61,53.48,-0.89,0
559,3311,閎暉,1734002,-24.47,-366258,2092028,-17.55,600000,2879759,-13.06,1.19,24.64,-6.1,0
560,3312,弘憶股,13678646,7.67,197574,1487677,13.58,1251140,5517181,3.73,4.6,70.35,1.58,0
561,3321,同泰,1858643,-18.47,-272816,939655,-34.3,1561448,2349020,-11.41,1.46,68.65,-2.15,0
562,3338,泰碩,5257058,12.59,225236,1687167,13.64,878283,4388662,4.99,1.9,62.94,2.58,0
563,3346,麗清,4345852,5.61,12315,1816821,0.76,845309,5506040,0.24,1.5,70.02,0.16,0
564,3356,奇偶,1157285,-16.22,161277,1759768,9.37,898257,2464853,6.5,0.82,42.96,1.78,0
565,3376,新日興,15232783,28.89,1672971,15720043,10.87,1920263,22410520,7.61,1.05,31.14,9.05,0
566,3380,明泰,32170649,103.28,725103,12738331,5.78,5417185,27005583,2.71,1.37,43.81,1.03,0
567,3383,新世紀,551501,-25.92,-284890,200592,-136.42,700000,2975956,-9.54,0.38,85.4,-4.07,0
568,3406,玉晶光,15900157,32.01,3041011,15796741,20,1116675,26168613,12.05,1.06,35.44,27.42,0
569,3413,京鼎,9942056,36.08,1242002,5518186,23.68,829073,11497522,12.33,1.56,47.93,14.91,0
570,3416,融程電,1845525,10.82,256062,2202109,11.81,724660,2765243,9.51,1.14,13.12,3.55,0
571,3419,譁裕,1426967,13.77,72526,1523141,-2.26,1204804,2352980,-1.36,0.69,36.7,0.61,0
572,3432,台端,31533,-40.79,32558,1530434,2.15,665860,1754412,1.86,0.05,24.3,0.49,0
573,3437,榮創,5478884,35.43,-110627,2639785,-4.23,1445480,4623760,-2.31,1.6,39.39,-0.77,0
574,3443,創意,13569441,26.7,850007,4486984,20.32,1340119,9745812,9.46,2.23,48.29,6.34,0
575,3450,聯鈞,6208576,7.96,571224,5812015,9.93,1456814,8307017,6.98,1.28,28.13,1.65,0
576,3454,晶睿,5544433,-15.66,221507,2899548,7.69,869574,4747190,4.81,1.39,37.04,2.9,0
577,3481,群創,269911051,7.12,1639824,237567046,0.71,99404332,379559837,0.44,1.16,37.23,0.17,1
578,3494,誠研,488725,-50.42,-743751,1287168,-57.53,1794506,2439430,-29.01,0.48,48.17,-2.44,0
579,3501,維熹,4660963,-4.13,424076,5931655,7.23,1182579,7842226,5.53,1.11,24.56,3.59,0
580,3504,揚明光,3905582,-18.97,-236216,3181762,-7.37,1140598,5516024,-4.14,1.33,44.81,-2.07,0
581,3515,華擎,17911584,33.52,1508583,7308436,21.05,1206424,11715811,12.58,2.24,37.13,11.3,0
582,3518,柏騰,684598,25.17,-55940,1379768,-4.09,807522,2194268,-2.58,0.44,32.6,-0.71,0
583,3528,安馳,4973228,20.75,208922,1514646,14.09,656160,3308066,6.09,2.13,55.14,3.18,0
584,3530,晶相光,3328695,45.1,281438,2205742,13.15,781059,3012018,9.6,1.58,14.63,3.65,0
585,3532,台勝科,11934697,2.57,1307911,20346028,6.48,3878483,23101308,5.78,0.9,10.61,3.37,0
586,3533,嘉澤,17291332,14.48,2835589,14479559,20.17,1034779,19282895,14.73,1.63,22.94,26.41,0
587,3535,晶彩科,1141503,-35.36,-101773,874711,-11.08,790523,2381203,-4.35,1.5,53.67,-1.29,0
588,3536,誠創,532536,-52.65,-128547,228556,-52.74,1068000,1431897,-9.06,1.23,75.47,-1.09,0
589,3543,州巧,3120452,,-386391,2943763,,892631,5801999,,,,-4.5,0
590,3545,敦泰,13800348,50.65,983458,7811460,13.05,2103532,12345053,8.1,1.38,33.39,3.97,0
591,3550,聯穎,3597629,1.94,81408,1914591,4.37,850000,4105144,2.04,1.57,52.94,0.94,0
592,3557,嘉威,4428573,166.75,723887,1598890,46.35,723004,4500811,17.14,0.5,77.35,10.01,0
593,3563,牧德,2397855,-5.64,654515,2607730,25.69,447282,3709287,17.68,1.54,32.89,15.02,0
594,3576,聯合再生,12511034,-31.03,-6162307,15024114,-35.43,26650863,32460701,-17.17,0.64,54.51,-2.31,0
595,3583,辛耘,3580003,-9.35,305463,2846170,11.1,811390,4792610,6.71,1.95,27.81,3.8,0
596,3588,通嘉,1446599,37.98,60508,1328964,4.61,477742,1613343,3.76,1.19,14.82,1.3,0
597,3591,艾笛森,1901238,-16.43,32823,2653662,1.26,1225564,3764253,0.9,1.13,24.79,0.35,0
598,3593,力銘,689786,33.54,74849,609560,14.21,930425,1174116,6.25,0.87,58.71,0.9,0
599,3596,智易,33765295,2.64,1630605,11961996,13.9,2084095,28807226,5.75,2.28,55.58,8.36,0
600,3605,宏致,8062865,10.27,259946,4564150,5.76,1223959,10295137,2.54,1.36,53.53,2.26,0
601,3607,谷崧,3322590,-23.74,-424474,2737008,-15.5,1216622,4566353,-9.62,1.43,35.02,-3.32,0
602,3617,碩天,9141450,-2.3,472882,4566559,10.51,809510,10594619,4.48,1.57,56.97,5.72,0
603,3622,洋華,926478,1.47,201508,4682321,4.42,1513276,5214945,4,0.29,8.79,1.24,0
604,3645,達邁,2013861,14.39,349105,2785778,12.73,1307017,5080528,6.91,0.65,49.22,2.76,0
605,3653,健策,6845497,24.72,847376,6859866,12.66,1210254,10924255,8.26,1.32,19.64,7.17,0
606,3661,世芯-KY,7078919,63.49,834917,3888242,22.01,620285,9112980,9.45,1.46,36.81,13.61,0
607,3665,貿聯-KY,22537767,-2.33,1820296,13277525,14.17,1305694,22717189,8.34,1.89,48.96,14.01,0
608,3669,圓展,4068221,89.9,788197,3199475,25.6,929200,4679185,16.65,1.24,19.69,8.48,0
609,3673,TPK-KY,114583199,-16.12,1034373,36805481,2.84,4066638,83621028,1.19,2.57,57.69,2.54,0
610,3679,新至陞,4808261,21.51,721362,4457246,16.72,627455,8617493,8.65,0.87,49.32,11.57,0
611,3682,亞太電,13587443,-4.62,-5819980,29739972,-19.09,38171964,39676647,-14.58,0.58,21.85,-1.53,0
612,3686,達能,104515,-27.63,-150964,785483,-5.25,1135136,1085525,-3.84,0.17,26.07,-1.33,0
613,3694,海華,9591767,24.78,304098,1831981,16.72,1504418,5931379,5.04,2.65,67.66,2.02,0
614,3701,大眾控,7404268,4.57,-12689,3663885,-0.35,1903446,7688189,-0.17,1.77,48.23,-0.21,0
615,3702,大聯大,609885871,15.66,8200504,66003018,12.6,18790568,233977113,3.5,4.05,72.23,4.77,0
616,3703,欣陸,21688649,-4.31,1632937,26920360,6.1,8232160,67155090,2.44,0.62,59.56,1.87,0
617,3704,合勤控,22250630,-7.41,831001,8306231,10.36,4476438,19589165,4.43,2.85,53.23,1.91,0
618,3705,永信,8084664,-1.24,781134,6576262,11.99,2664230,12611892,6.24,1.15,48.07,2.97,0
619,3706,神達,41145756,14.83,2850785,42761495,6.8,12065568,57171735,5.06,1.14,28.61,2.45,0
620,3708,上緯投控,9867900,60.53,728305,6415597,11.65,935046,12219232,6.26,1.11,42.46,6.82,0
621,3711,日月光投控,476978710,15.44,29276780,234256597,12.96,43515920,583091082,5.03,1.27,61.49,6.47,1
622,3712,永崴投控,7053361,-20.87,179775,8177255,2.3,2462421,22807009,0.77,0.84,62.3,0.34,0
623,4104,佳醫,6675494,3.39,669086,9579704,7.03,1411490,14004632,4.82,0.81,37.29,4.06,0
624,4106,雃博,2004025,-1.47,105377,2106283,5.06,1009116,3046409,3.37,1.14,32.79,1.04,0
625,4108,懷特,91810,-3.85,-118655,1702122,-6.95,1636189,1809597,-6.51,0.09,6.92,-0.54,0
626,4119,旭富,2689222,14.16,360124,3322222,10.36,794853,4569938,8.17,1.04,14.87,4.53,0
627,4133,亞諾法,456449,10.21,36526,1211094,3.02,605536,1294584,2.83,0.57,5.66,0.6,0
628,4137,麗豐-KY,4055996,-21.07,959636,4408315,22.95,794924,8963786,10.84,1.11,46.26,12.09,0
629,4141,龍燈-KY,9222322,10.33,-509140,4950193,-10.57,1750753,16883962,-3.09,0.83,68.25,-2.94,0
630,4142,國光生,1869147,43.82,1197264,6628687,19.96,4295078,8473414,15.66,0.3,41.77,3.03,0
631,4148,全宇生技-KY,1642783,,98168,2363178,,640340,2614370,,,,1.28,0
632,4155,訊映,1484413,19.71,121303,1739138,7.04,949337,2535052,4.75,1,41.36,1.56,0
633,4164,承業醫,2554911,-13.4,362912,6000001,6.18,1570439,11543821,3,0.48,52.55,2.53,0
634,4190,佐登-KY,2731429,-15.54,257725,2072476,12.97,609147,7030077,3.78,0.86,68.76,4.41,0
635,4306,炎洲,13948716,-13.21,778905,9976793,7.81,5850478,29815825,2.57,0.84,71.24,1.51,0
636,4414,如興,17077832,1.33,-112835,10793756,-1.05,8200469,21839702,-0.5,0,51.67,-0.16,0
637,4426,利勤,1217165,-47.1,-108638,3114979,-3.46,1726773,4961439,-2.19,0.81,33.74,-0.63,0
638,4438,廣越,12188857,-25.06,557830,8153341,7.19,1033753,12870003,4.2,2.32,33.11,5.2,0
639,4439,冠星-KY,5389194,-27.01,416040,2414039,17.45,315000,4015795,10.36,2.39,41.9,13.25,0
640,4526,東台,7778541,-29.19,-396709,5460674,-7.08,2548265,16009065,-2.42,1.1,64.59,-1.36,0
641,4532,瑞智,19319962,-4.23,722644,10279807,7.31,5049151,29420708,2.55,1.31,64.59,1.41,0
642,4536,拓凱,7234362,0.13,792471,5590084,14.53,908200,10191612,7.81,1.26,44.93,7.48,0
643,4540,全球傳動,2740221,30,91424,3059121,3.01,941780,6116737,1.5,0.69,44.04,0.96,0
644,4545,銘鈺,1921700,6.92,29987,1701187,1.79,770000,3130949,0.95,1.04,42,0.39,0
645,4551,智伸科,7160275,-5.91,771395,6079942,13.53,1120981,12170450,6.43,1,65,7.19,0
646,4552,力達-KY,4384823,-19.18,257784,5206798,5.06,1160000,6845401,3.75,1.39,25.5,2.22,0
647,4555,氣立,1582138,15.67,142372,2674623,5.41,668800,4698229,3.07,0.61,34.83,2.04,0
648,4557,永新-KY,1491678,-7.93,139131,1524922,9.36,398080,2284270,6.39,1.36,27.93,3.61,0
649,4560,強信-KY,1257464,-23.13,76196,1555694,5.02,680620,2618205,3.05,1.28,28.52,1.12,0
650,4562,穎漢,658110,-33.51,-152490,957183,-15.51,675460,2746009,-5.53,0.55,63.73,-2.23,0
651,4564,元翎,2062150,-23.37,298017,4392051,6.88,1835510,7890838,3.78,0.61,44.69,1.65,0
652,4566,時碩工業,3515226,-8.12,99881,2191830,4.61,675330,5223813,1.99,1.38,55.64,1.49,0
653,4571,鈞興-KY,2065404,30.24,285393,1794771,16.5,484000,2629038,11.49,1.29,24.94,6,0
654,4572,駐龍,350169,-57.03,32788,1844365,1.78,358000,2099739,1.56,0.63,14.86,0.92,0
655,4576,大銀微系統,2451961,20.12,153555,3560723,4.35,1186157,5453170,2.79,0.67,37.04,1.14,0
656,4581,光隆精密-KY,863749,,68565,873812,,338990,1329334,,,,2.06,0
657,4720,德淵,3162668,-2.17,101811,1279328,8.09,906000,3055987,3.39,1.92,58.76,0.78,0
658,4722,國精化,3822858,-10.89,281318,2539454,11.29,1000092,3285117,8.75,2.27,23.67,2.83,0
659,4737,華廣,1668586,-23.21,63520,2070783,3.11,627260,4485052,1.41,0.82,53.53,1.06,0
660,4739,康普,5285365,-17.02,165645,3970429,4.21,930293,7217549,2.38,1.58,41.84,1.73,0
661,4746,台耀,3075457,11.56,329178,5285717,6.14,1083126,10285771,3.17,0.51,53.61,3.78,0
662,4755,三福化,3818716,-2.99,399473,3792659,11.41,1007060,5384424,8.06,1.61,25.31,4.36,0
663,4763,材料-KY,2353380,8.19,509581,1608411,34.19,510767,3109067,16.52,1.49,46.92,10.07,0
664,4764,雙鍵,2632875,-24.71,62801,2218618,2.87,754206,4519023,1.38,1.5,41.61,0.81,0
665,4766,南寶,15551344,-9.13,1267122,11196284,11.75,1205707,19346442,6.79,1.62,42.62,10.12,0
666,4807,日成-KY,1765557,-3.08,97648,1084262,9.2,383860,1930825,5.55,1.56,46.61,2.31,0
667,4904,遠傳,79500965,-5.2,8444622,68247209,12.55,32585008,173429320,4.93,1.1,47.37,2.56,1
668,4906,正文,19929372,10.38,1407574,9384135,15.13,3575905,18656376,7.32,2.15,40.9,3.86,0
669,4912,聯德控股-KY,5471250,9.03,454923,2592602,19.47,505535,6391719,7.21,1.43,68.35,9.57,0
670,4915,致伸,68240939,-15.38,1944267,15500590,12.84,4508983,47307082,3.99,2.5,72.71,4.3,0
671,4916,事欣科,3377878,-56.64,-180876,1208928,-14.35,834516,3038600,-5.73,0.91,53.27,-1.78,0
672,4919,新唐,20668056,99.36,532785,11521368,5.56,3883936,32322701,1.7,1.93,33.74,1.81,0
673,4927,泰鼎-KY,11832513,13.92,1203755,7660971,16.24,1899380,15268362,8.34,1.52,36.95,6.31,0
674,4930,燦星網,9466877,1.29,612482,6078976,10.51,1343000,14966601,4.32,1.44,57.81,2.23,0
675,4934,太極,2193597,-5.81,-5340,1778281,-0.3,2000000,3943027,-0.14,0.94,56.87,0.01,0
676,4935,茂林-KY,11205768,111.98,1355051,7244403,19.25,1309371,12439047,11.17,0.93,37.14,10.35,0
677,4938,和碩,1399332906,2.42,22419552,198940522,11.39,26628737,684346609,3.39,3.93,66.13,7.73,1
678,4942,嘉彰,7263201,-5.54,676365,7493939,9.24,1423676,10249628,6.71,1.35,27.48,4.76,0
679,4943,康控-KY,4304546,-16.58,-185647,5240760,-3.58,1572126,9804741,-1.88,0.83,48.32,-0.93,0
680,4952,凌通,2899677,10.07,282037,2109313,13.67,1088158,2870648,9.99,1.73,25.64,2.59,0
681,4956,光鋐,1302811,9.35,16164,1829068,0.89,1004082,2619651,0.63,0.77,32.37,0.16,0
682,4958,臻鼎-KY,131278537,9.19,11508290,104037876,11.83,9470492,181120487,7.04,1.41,35.41,8.9,0
683,4960,誠美材,9456875,-36.52,-91471,9621616,-0.96,6657285,14571675,-0.64,1.3,31.93,-0.13,0
684,4961,天鈺,10879700,18.43,731828,6276149,13.63,1665880,9269684,8.86,2.63,34.75,4.07,0
685,4967,十銓,7501914,8.66,141292,1479594,9.97,744865,3716377,4.01,5.16,57.18,2.06,0
686,4968,立積,5350200,94.58,866216,2185286,42.86,631921,3661208,24.98,2.09,42.58,13.82,0
687,4976,佳凌,1371127,10.45,-56832,1610312,-3.58,1188070,2346310,-2.48,0.95,28.3,-0.5,0
688,4977,眾達-KY,3339200,31.78,538647,2668719,20.84,686898,3286730,16.53,1.44,24.62,8.02,0
689,4989,榮科,2796303,-6.29,34323,2041812,1.69,1530850,2487496,1.39,2.02,17.88,0.22,0
690,4994,傳奇,3246437,-12.54,432923,1785162,25.39,1106390,2574757,17.06,3.02,33.84,3.91,0
691,4999,鑫禾,2940744,30.85,420879,3539342,12.19,744172,4417896,9.78,0.98,14.43,5.66,0
692,5007,三星,5072643,-22.54,615656,6477641,9.64,2949401,7720904,8.2,1.5,17.24,2.04,0
693,5203,訊連,1640662,13.13,188421,3816156,4.98,826003,5132942,3.69,0.46,23.92,2.26,0
694,5215,科嘉-KY,3718647,76.52,742244,2815116,27.71,593375,3909537,19.45,1.38,24.78,13.11,0
695,5225,東科-KY,8941255,-15.09,-676356,1181781,-51.09,614550,6402774,-10.08,3.18,64.71,-11.09,0
696,5234,達興材料,4296103,-5.18,631304,2900408,22.34,1027159,4349169,14.81,1.97,31.77,6.15,0
697,5243,乙盛-KY,9889935,-2.45,460937,5929518,7.95,1685289,9784434,4.77,1.94,34.48,2.74,0
698,5258,虹堡,3734514,4.12,208003,1523035,13.95,895426,3632980,5.69,1.76,61.68,2.23,0
699,5269,祥碩,6987470,86.53,2927912,14101577,22.46,692229,15690529,20.19,1.93,25.2,44.16,0
700,5283,禾聯碩,6032747,4.26,940023,3848029,23.96,730004,5564612,16.84,1.86,31.46,12.73,0
701,5284,jpp-KY,1259442,-12.32,117284,1847615,6.49,436646,3244879,3.74,0.81,42.83,2.65,0
702,5285,界霖,4347192,-2.49,129038,2351290,5.61,940893,5385782,2.44,1.56,51.73,1.37,0
703,5288,豐祥-KY,4658907,-11.66,553202,3070891,18.51,658262,5279781,11.02,1.97,35.2,8.4,0
704,5388,中磊,36096281,13.54,900626,7720079,11.95,2517748,30578748,3.08,2.09,70.68,3.66,0
705,5434,崇越,36167994,14.1,2065325,10588314,20.15,1816996,21451715,9.9,2.82,51.47,11.38,0
706,5469,瀚宇博,45704270,5.94,4095395,39410144,11.17,5284413,75428898,5.62,1.1,49.54,6.15,0
707,5471,松翰,5370626,66.04,1025601,3897860,27.73,1678770,5092369,21.45,1.55,17.23,6.11,0
708,5484,慧友,310453,7.48,-48080,555280,-8.45,681151,751413,-6.45,0.67,19.49,-0.71,0
709,5515,建國,6762818,41.69,374744,4428651,6.92,2574401,9123907,3.35,1.24,49.02,1.43,0
710,5519,隆大,3409980,-22.41,453059,4380066,10.59,2191972,9313633,4.99,0.81,51.11,2.07,0
711,5521,工信,7159730,67.17,1007121,5575914,17.49,4475274,8327513,11.9,0.76,52.45,2.26,0
712,5522,遠雄,26845946,29.86,3838255,41725205,9.43,7815962,91661577,4.18,0.42,52.12,4.86,0
713,5525,順天,1000376,-61.26,44132,4537095,0.98,2645913,16201670,0.31,0.36,62.36,0.17,0
714,5531,鄉林,5915557,-22.75,107806,12459963,0.9,9775892,31868186,0.33,0.33,63.02,0.17,0
715,5533,皇鼎,3834898,135.17,242758,7438339,3.29,2852450,13982018,1.71,0.2,51.04,0.85,0
716,5534,長虹,9197553,-2.94,2619876,18429238,14.68,2903260,34079058,7.72,0.53,41.78,9.02,0
717,5538,東明-KY,9171338,4.14,494824,4177111,12.26,1680000,8855428,6.06,2.03,46.98,2.94,0
718,5546,永固-KY,5373642,,731809,3316504,,800250,7104238,,,,10.05,0
719,5607,遠雄港,1907389,-16.11,588084,6952844,8.64,2299791,14999367,4.07,0.32,51.03,2.01,0
720,5608,四維航,2670823,-29.8,-1007168,3491372,-27.71,2792671,21627846,-4.58,0.27,80.3,-3.27,0
721,5706,鳳凰,489508,-83.47,13477,1123821,1.23,671174,2338162,0.6,2.12,53.71,0.15,0
722,5871,中租-KY,59477759,0.58,17538421,99978870,18.04,15313280,593323834,3.06,0.21,85.13,12.2,1
723,5906,台南-KY,1783704,-6.67,81142,414434,20.79,300000,1190391,7.15,2.48,72.36,2.35,0
724,5907,大洋-KY,4790864,-27.39,-122122,8511444,-1.47,1955310,24340997,-0.51,0.44,66.04,-0.62,0
725,6108,競國,8308167,4.99,-83160,3457908,-2.4,1598993,9723879,-0.85,1.44,60.69,-0.52,0
726,6112,聚碩,13512521,9.8,576099,4546346,12.81,1883573,8147415,7.12,2.76,41.48,2.91,0
727,6115,鎰勝,6174144,-5.89,481262,4746848,10.36,1876622,8263284,5.89,1.43,39.42,2.58,0
728,6116,彩晶,19553306,19.69,3835096,44527257,8.99,30271869,52023356,7.57,0.59,14.51,1.25,0
729,6117,迎廣,2202994,6.51,-91303,1162267,-7.72,886500,3080899,-2.86,1.26,54.82,-0.86,0
730,6120,達運,14290244,-9.85,-1240799,9928245,-12.47,6655551,19741580,-6.37,1.39,44.46,-1.86,0
731,6128,上福,4239384,-32.7,148632,3165435,4.72,1275887,6523457,2.31,1.59,50.45,1.16,0
732,6133,金橋,947499,-17.63,1919,1385776,0.14,1170064,2119045,0.09,1.09,21.58,0.02,0
733,6136,富爾特,652952,-23.42,56309,2653280,2.18,1155364,2780734,2.09,0.54,4.5,0.48,0
734,6139,亞翔,13916562,-16.17,209927,11236501,1.87,2255409,28262080,0.73,1,58.62,1.52,0
735,6141,柏承,3267428,7.14,345825,2629064,14.54,1289145,5049016,7.43,1.34,47.85,2.67,0
736,6142,友勁,3291260,-3,-434942,1968876,-21.81,2296792,4673657,-9.06,1.26,51.52,-1.89,0
737,6152,百一,3054963,-32.91,24056,1398879,1.76,1677385,3458316,0.73,2.06,62.43,0.13,0
738,6153,嘉聯益,16037113,-5.82,657018,15743806,4.24,5561777,32277650,2.05,1.02,51.8,1.18,0
739,6155,鈞寶,606740,-6.64,34073,1415434,2.44,868427,2551071,1.38,0.52,33.43,0.39,0
740,6164,華興,760612,-16.33,-16680,1118128,-1.52,1000002,1711337,-0.98,0.86,38.8,-0.17,0
741,6165,浪凡,845362,38067.95,62392,543779,11.71,532424,1206185,5.35,0.01,5.24,1.16,0
742,6166,凌華,9635678,-8.18,241648,4516046,5.38,2174973,8742427,2.82,2.17,44.4,1.12,0
743,6168,宏齊,2507351,15.36,143646,3017807,4.9,2060698,4054588,3.74,1.04,25.66,0.7,0
744,6172,互億,518477,-4.73,12095,324817,3.81,300000,820065,1.48,1.42,52.81,0.4,0
745,6176,瑞儀,56093201,-0.05,5227665,29362822,18.33,4650273,55851948,9.3,1.95,45.73,11.24,0
746,6177,達麗,2103343,-68.26,149496,5598038,2.82,3803045,31829965,0.48,0.59,79.64,0.5,0
747,6183,關貿,1899439,10.08,337210,2234627,15.25,1500000,3179233,10.44,1.03,23.97,2.25,0
748,6184,大豐電,2005196,-0.09,501248,4262719,11.9,1582306,7498838,6.74,0.44,47.43,3.38,0
749,6189,豐藝,26710813,16.97,604676,4263736,14.37,1791260,12044400,5.07,3.79,59.71,2.99,0
750,6191,精成科,22816306,4.44,1665915,15670455,11.18,5155469,31554142,5.38,1.25,51.19,3.42,0
751,6192,巨路,5934549,-5.09,744132,5221825,14.55,1068398,8025968,9.53,1.46,38.21,6.96,0
752,6196,帆宣,25119857,3.88,875502,6366383,14.05,1872192,20261423,4.35,2.17,70.29,4.88,0
753,6197,佳必琪,3582522,-2.2,270395,3075074,8.97,1220859,4750068,5.76,1.45,27.26,2.13,0
754,6201,亞弘電,3511749,8.55,298681,2505777,12.16,892000,3670253,8.33,1.77,24.71,3.35,0
755,6202,盛群,5614539,22.48,1048117,4482403,24.87,2261682,6187324,17.96,1.5,24.08,4.56,0
756,6205,詮欣,1334922,13.43,142062,1822664,7.9,718391,2698827,5.7,0.94,21.89,2.01,0
757,6206,飛捷,4432961,-16.84,597928,4609035,13.13,1430623,5592068,10.71,1.64,18.29,4.12,0
758,6209,今國光,2979162,-12.27,-216792,2992939,-7.18,1631469,4591514,-4.76,1.33,26.57,-1.33,0
759,6213,聯茂,25421687,6.81,2665565,13393654,20.65,3329572,25684378,10.32,1.82,61.99,8.19,0
760,6214,精誠,23735090,7.64,1675722,13649447,12.42,2693933,22029235,7.79,1.83,37.54,6.72,0
761,6215,和椿,1603098,3.94,78965,1123926,7.19,827897,1983800,4.04,1.27,44.41,0.96,0
762,6216,居易,841245,-8.69,108723,1505916,7.29,864909,1669131,6.28,0.89,11.04,1.27,0
763,6224,聚鼎,1767267,6.75,400635,2249886,18.39,800018,3449006,12.27,0.99,27.24,5.01,0
764,6225,天瀚,23202,88.2,-6760,16288,-40.3,1270767,23980,-27.52,1.07,52.23,-0.05,0
765,6226,光鼎,809208,-20.91,-52067,1272794,-4.08,1149518,2600689,-2.01,0.81,38.13,-0.39,0
766,6230,尼得科超眾,9123421,6.26,782398,4412745,18.39,863434,8711488,9.3,2.07,44.14,9.06,0
767,6235,華孚,1997427,-9.05,649834,2377601,27.81,1694394,4459852,15.55,0.93,55.38,3.85,0
768,6239,力成,76180649,14.51,8178977,58404639,14.25,7791466,108746240,7.53,1.08,48.76,8.6,0
769,6243,迅杰,636513,13.68,-61358,440353,-13.48,749767,872973,-7.03,1.07,42.13,-0.82,0
770,6251,定穎,12624101,-7.93,679065,5131266,13.34,2775141,13185306,5.13,1.73,71.08,2.58,0
771,6257,矽格,12428549,23.71,1926589,14946170,13.32,4316114,29813911,6.68,0.73,45.37,4.22,0
772,6269,台郡,29897996,14.85,2934043,25557489,11.93,3617798,42767373,7.25,1.31,36.36,8.63,0
773,6271,同欣電,10178002,37,1450675,21209533,6.91,1787083,25437173,5.71,1.04,18.08,7.88,0
774,6277,宏正,4823613,-4.23,1501978,4850941,31.45,1194711,7492315,20.08,1.35,34.94,12.55,0
775,6278,台表科,41405758,9.23,2188249,13495354,16.53,2923984,38029686,6.05,2,61.58,7.5,0
776,6281,全國電,19476255,11.13,581932,2615051,22.58,991729,8215344,7.07,4.11,67.94,5.87,0
777,6282,康舒,20983757,1.94,1397900,10643594,13.06,5166213,26975898,5.37,1.63,55.92,2.54,0
778,6283,淳安,1675786,36.4,-85483,2359669,-3.6,1479998,3573907,-2.43,0.8,15.51,-0.25,0
779,6285,啟碁,62648731,0.66,1466920,16785589,8.86,3976243,37938976,3.86,3.1,53.06,3.76,1
780,6288,聯嘉,3776717,-12.21,143588,2499713,5.86,1826396,5313006,2.79,1.57,52.52,0.85,0
781,6289,華上,77932,-31.82,-73234,2849,-1035.99,1047781,200120,-33.65,0.61,94.88,-0.79,0
782,6405,悅城,441734,-26.04,87165,1896050,4.56,658000,2159721,4.01,0.41,26.71,1.32,0
783,6409,旭隼,13652564,5.54,2197144,5338568,43.26,874354,11921210,17.74,2.16,52.81,25.31,0
784,6412,群電,34863027,1.31,2127220,9530631,23.16,3887510,25171091,8.71,2.63,61.8,5.52,0
785,6414,樺漢,84091485,3.17,3155383,30501350,10.57,932720,93162581,3.45,1.59,68.63,12.13,0
786,6415,矽力-KY,13876445,29.3,3241795,18350604,18.31,929014,19867286,16.9,1.14,8.62,35.72,0
787,6416,瑞祺電通,5465855,23.33,416837,3246761,13.03,730678,4865403,8.51,1.87,34.07,5.29,0
788,6426,統新,710777,,137872,1375952,,385090,1537534,,,,3.58,0
789,6431,光麗-KY,152753,-62.76,-62874,313809,-20.12,472470,377989,-16.72,0,36.64,-1.38,0
790,6438,迅得,3395005,,379262,2143910,,603156,4749637,,,,6.35,0
791,6442,光聖,2413548,-0.29,-38051,1709033,-2.22,693000,2906024,-1.31,1.4,34.6,-0.57,0
792,6443,元晶,4623829,4.07,-284866,4778334,-7.35,4457967,9418445,-3.41,0.97,58.86,-0.74,0
793,6449,鈺邦,2384625,19.06,261615,2179338,12.39,845248,4036597,6.61,0.96,46.23,3.1,0
794,6451,訊芯-KY,4849689,-15.58,719556,6238225,11.99,1072558,14683881,5.36,0.91,50.49,6.88,0
795,6456,GIS-KY,127104736,6.16,3730920,28884164,13.38,3394398,92212366,4.21,2.65,65.99,11.04,0
796,6464,台數科,4328920,40.26,1067431,7098694,15.31,1246986,20217377,5.28,0.37,67.07,8.54,0
797,6477,安集,2085142,33.19,263449,2395975,11.27,1074490,5310690,4.99,0.64,57.85,2.65,0
798,6491,晶碩,3978413,18.58,715359,4595715,16.06,700000,6416031,11.62,0.94,23.65,10.22,0
799,6504,南六,9371410,43.14,1453723,4268251,36.11,726000,10878981,13.43,1.22,67.44,20.02,0
800,6505,台塑化,415281764,-35.72,7372455,312627068,2.47,95259597,380923116,2.02,2.86,16.09,0.78,1
801,6515,穎崴,2909821,,530965,1771570,,305710,2406078,,,,17.42,0
802,6525,捷敏-KY,3750121,8.29,684661,3849356,18.23,1290474,5151270,13.74,1.28,23.3,5.31,0
803,6531,愛普,3549497,2.72,820983,3102970,28.96,742848,3983400,21.98,1.82,31,11,0
804,6533,晶心科,581012,17.41,35142,1195389,3.1,426509,1402903,2.64,0.62,15.51,0.82,0
805,6541,泰福-KY,300,999999.99,-2104236,2620715,-104.15,3116067,4372725,-66.07,0,15.17,-7.84,0
806,6552,易華電,2646853,-12.27,148328,2266991,6.87,830000,4257290,3.54,1.5,40.69,1.57,0
807,6558,興能高,1792597,-10.67,62389,1392016,4.57,868813,2561099,2.48,1.56,43.43,0.72,0
808,6573,虹揚-KY,1615250,-9,-237460,1363728,-17.04,804993,3027920,-7.75,0.94,57.18,-2.54,0
809,6579,研揚,5898185,-4.07,464171,8372453,5.6,1484985,9577118,4.89,1.11,14.07,3.58,0
810,6581,鋼聯,1622229,-1.72,407534,3557375,11.85,1112709,5043033,8.36,0.66,24.23,3.66,0
811,6582,申豐,5268419,61.05,1777831,4844030,40.17,1061241,5964918,33.06,1.42,13.77,16.85,0
812,6591,動力-KY,1578165,33.19,163871,1372810,13.03,320695,2381625,6.99,1.18,41.96,5.66,0
813,6592,和潤企業,14665572,6.88,2792480,23662850,12.03,5150004,159009244,1.8,0.14,83.43,5.01,0
814,6598,ABC-KY,299015,,-103496,1086995,,816390,1227221,,,,-1.33,0
815,6605,帝寶,14260153,-9.06,551800,13754028,4.05,1658164,30449444,1.78,0.83,58.76,3.56,0
816,6625,必應,795225,-34.96,-131861,646790,-22.98,448734,1102635,-13.05,1.8,46.21,-3.3,0
817,6641,基士德-KY,1846674,-7.3,215511,1289653,17.5,340000,2014103,11.44,1.9,33.54,6.52,0
818,6655,科定,2088346,-18.91,294938,2358346,12.83,739685,5472527,5.46,0.77,56.22,4.09,0
819,6666,羅麗芬-KY,844885,-41.56,103916,1643078,6.53,473880,2079050,5.22,1.16,15.82,2.2,0
820,6668,中揚光,1689699,20.94,123054,2008047,6.25,683399,3577273,3.57,0.71,48.3,1.85,0
821,6669,緯穎,186927647,14.27,8609657,24513923,37.11,1748408,54724165,15,6.32,58.01,49.25,1
822,6670,復盛應用,14229734,-17.03,1212881,6990672,18.28,1310300,14474231,9.35,2.63,43.8,8.62,0
823,6671,三能-KY,1913403,1.3,220416,1680841,13.46,607500,2275946,9.95,1.5,26.48,3.66,0
824,6672,騰輝電子-KY,4830183,,373253,2453585,,714543,4460252,,,,5.28,0
825,6674,鋐寶科技,2704414,-4.51,46723,1659156,2.83,669674,2746159,1.69,1.79,35.24,0.7,0
826,6698,旭暉應材,620635,-27.34,27586,1698673,1.65,663898,2295555,1.22,0.97,19.4,0.07,0
827,6706,惠特,3159682,-15.09,342846,2445174,14.63,671779,4961630,7.64,1.63,42.83,5.12,0
828,6715,嘉基,2404160,7.09,279530,1791185,15.98,570000,2821274,10.28,2.03,30.75,4.77,0
829,6743,安普新,4998255,,495059,3215384,,1220000,7059007,,,,4.4,0
830,6754,匯僑設計,3117134,,213206,1958734,,660000,3873112,,,,3.43,0
831,6756,威鋒電子,1969592,,318484,2616871,,675000,3040576,,,,5.29,0
832,6768,志強-KY,13514535,,409107,10782008,,1742606,16294867,,,,2.35,0
833,6776,展碁國際,17281341,,194218,1526454,,737484,4786852,,,,2.63,0
834,6781,AES-KY,6306568,,906913,3632928,,637508,6692504,,,,14.17,0
835,8011,台通,1437057,-4.89,-66739,3748350,-1.87,1426362,6749038,-1,0.38,49.79,-0.19,0
836,8016,矽創,13804562,0.01,2164113,9279077,23.93,1201369,13816160,16.33,2.3,38.61,11.53,0
837,8021,尖點,2973426,-1.09,304257,4776095,6.54,1421805,6348855,4.92,0.86,24.52,1.98,0
838,8028,昇陽半導體,2442176,-7.81,115558,2323896,5.02,1324080,5123329,2.28,0.95,54.27,1.02,0
839,8033,雷虎,908235,11.28,24471,702855,3.49,1126298,1277529,1.92,1.17,40.57,0.03,0
840,8039,台虹,8766318,15.59,784353,7577936,10.49,2091197,11531915,6.88,1.16,35.36,3.7,0
841,8046,南電,38512743,23.86,3665917,32362689,11.57,6461655,44556237,8.54,1.39,23.72,5.67,0
842,8070,長華*,16424018,6.21,1362120,8915540,16,638799,23319671,6,1.5,55.33,1.56,0
843,8072,陞泰,1222174,52.19,-3395,2245308,-0.15,800000,2500072,-0.14,0.57,7.06,-0.15,0
844,8081,致新,7407799,30.59,1097448,5205165,21.61,861721,7803097,14.44,1.4,30.86,12.24,0
845,8101,華冠,3056058,26.41,-643349,413786,-122.12,2080888,2603954,-24.29,1.33,66.65,-3.06,0
846,8103,瀚荃,3134712,0.04,214340,2626647,8.31,789534,4529146,4.84,1.29,41.44,2.7,0
847,8104,錸寶,1638051,-2.07,207781,1993990,10.44,676320,3643945,5.64,0.83,47.79,3.06,0
848,8105,凌巨,7159043,-18.79,-1090187,6968810,-15.18,4415449,11514631,-9.73,1.21,33.74,-2.47,0
849,8110,華東,5965534,-11.32,254887,11884185,2.26,5063811,17973245,1.48,0.69,32.03,0.51,0
850,8112,至上,137509979,22.14,1834350,8753211,21.42,3784965,40547997,5.02,6.48,70.65,4.22,0
851,8114,振樺電,8089642,-16.99,106018,2629816,4.03,749218,13829096,0.76,1.19,78.78,1.65,0
852,8131,福懋科,9706776,2.63,1402677,11815167,12.35,4422222,13609010,10.68,1.25,13.9,3.17,0
853,8150,南茂,23011381,13.15,2367483,20831752,11.57,7272401,35080814,6.84,1.02,42.72,3.26,0
854,8163,達方,22349528,16.8,953347,10579062,9.39,2800000,24269506,4.05,1.58,53.24,3.23,0
855,8201,無敵,1065712,-11.19,-47675,560406,-8.33,623663,907040,-5.34,2.06,34.73,-0.76,0
856,8210,勤誠,7544545,10.37,973547,3950042,26.01,1209260,8037116,12.26,1.91,45.05,8.16,0
857,8213,志超,22847267,5.28,1911734,13027871,15.09,2712425,31444986,6.2,1.32,59.51,7.28,0
858,8215,明基材,15049948,7.94,395973,4322775,9.32,3206745,11059451,3.67,2.33,60,1.23,0
859,8222,寶一,397072,-48.51,-39467,853088,-4.56,685735,1434435,-2.72,0.9,39.11,-0.58,0
860,8249,菱光,3399884,-18.46,190268,3344452,5.67,1270550,5244735,3.64,1.65,24.6,1.5,0
861,8261,富鼎,3125776,40.96,196348,1599991,12.62,813405,2742385,7.6,1.68,37.05,2.44,0
862,8271,宇瞻,7152222,-4.46,290460,2809682,10.42,1008978,4051099,7.38,3.1,34.39,2.88,0
863,8341,日友,2906727,10.93,993948,3242144,32.67,1115000,8968968,12.38,0.8,47.88,8.91,0
864,8367,建新國際,1903290,3.68,263881,2600524,10.44,811319,7376368,3.62,0.46,65.43,2.73,0
865,8374,羅昇,2754448,-5.53,87180,1970415,4.45,1122505,2759980,3.19,1.83,35.83,0.78,0
866,8404,百和興業-KY,6552677,0.58,583357,5947714,10.14,3151781,18506166,3.24,0.8,63.02,1.63,0
867,8411,福貞-KY,5792494,-4.58,67130,5339052,1.27,1753982,10163331,0.67,1.02,50.2,0.38,0
868,8422,可寧衛,2680539,-1.09,1173798,5754163,20.99,1088880,7138744,17.02,0.67,20.09,10.81,0
869,8427,基勝-KY,3233341,-30.27,-120191,3756598,-3.25,1042610,5589187,-2.3,1.36,34.69,-1.15,0
870,8429,金麗-KY,378255,-81.81,-499900,6399777,-7.89,1857472,7093206,-7.1,0.5,12.03,-2.7,0
871,8442,威宏-KY,3741653,-42.21,-153406,1674798,-8.98,599997,3632290,-4.1,2.43,58.9,-2.56,0
872,8443,阿瘦,1366916,-13.86,-187756,1289868,-14.32,668000,2343567,-7.88,1,44.44,-2.81,0
873,8454,富邦媒,67198104,29.65,1938938,6949980,29.21,1400585,17809034,11.65,5.56,57.69,13.87,1
874,8462,柏文,3679560,4.33,408631,2139572,19.69,737205,7256490,5.69,0.89,70.66,5.67,0
875,8463,潤泰材,3298720,6.73,130619,2393691,5.54,1500000,5452480,2.4,1.08,54.5,0.87,0
876,8464,億豐,24414306,2.03,4976676,15661245,33.25,2930202,27901357,18.21,1.94,37.03,16.36,0
877,8466,美吉吉-KY,2882490,-16.88,277571,2659878,10.56,660590,4513513,6.26,1.48,40.23,4.22,0
878,8467,波力-KY,1035590,-27.98,23704,1357508,1.75,495340,2401142,1,1.12,41.06,0.48,0
879,8473,山林水,4486977,0.9,264778,7217009,3.68,1348123,15958201,1.71,0.55,50.32,1.15,0
880,8478,東哥遊艇,4224774,14.49,94453,2491596,3.89,908863,6808973,1.35,0.9,58.51,1.04,0
881,8480,泰昇-KY,1895124,-4.16,391080,1791694,22.29,392700,2994808,13.35,1.35,32.17,9.96,0
882,8481,政伸,1376062,12.84,832878,1896073,45.37,666019,2502446,34.53,1.31,23.42,12.51,0
883,8482,商億-KY,3830398,-4.88,648900,3005548,22.22,1104440,4148815,16.08,1.69,26.4,6.05,0
884,8488,吉源-KY,2791573,-27.92,50451,2528362,2.06,675000,5363814,0.96,1.22,53.7,0.75,0
885,8499,鼎炫-KY,2360994,27.23,634787,3235143,23.52,518453,4557973,15.75,1.14,37,12.39,0
886,8926,台汽電,9313724,29.01,1070583,12189668,8.85,5890486,22979690,4.77,0.56,40.76,1.81,0
887,8940,新天地,1017093,-33.71,-55211,771333,-7.64,674910,1758662,-3.09,1.15,60.42,-0.86,0
888,8996,高力,2076359,-0.22,112524,1921663,5.97,893841,3475284,3.18,1.4,34.28,1.26,0
889,9802,鈺齊-KY,11345641,-11.66,895514,8515317,10.44,1861950,14350057,6.37,1.75,36.3,5.06,0
890,9902,台火,432138,63.68,32481,1234255,2.64,980496,1361772,2.44,0.26,10.61,0.33,0
891,9904,寶成,249954311,-20.18,3919417,201243202,2.02,29467872,368914559,1.09,1.5,47.7,1.64,0
892,9905,大華,7257633,-9.96,553022,7563232,7.41,3050000,10246129,5.42,1.45,26.23,1.83,0
893,9906,欣巴巴,167828,894.54,-88994,711829,-12.17,833439,9359666,-1.02,0.01,88.01,-1.07,0
894,9907,統一實,29934966,-7.97,889165,20024333,4.48,15791453,34382192,2.57,1.58,46.22,0.58,0
895,9908,大台北,3542624,-16.17,867282,12592350,7.03,5163580,17615835,5.02,0.44,29.23,1.64,0
896,9910,豐泰,68959738,-6.73,5592171,19355092,29.32,8816811,43788205,13.18,3.21,54.6,5.53,0
897,9911,櫻花,6628124,5.23,892567,5038876,18.48,2211212,7503362,12.48,1.63,31.53,4.08,0
898,9912,偉聯,538991,-9.8,-38233,419575,-9.07,538066,691393,-5.38,1.28,42.22,-0.77,0
899,9914,美利達,27072342,-3.33,4112147,16780587,25.33,2989838,29682477,14.33,1.9,43.91,13.36,0
900,9917,中保科,13706365,2.2,2437228,11698612,21.48,4511971,23169427,10.74,1.07,50.29,5.42,0
901,9918,欣天然,1986369,-8.13,326745,3073442,10.82,1805375,5200498,6.41,0.77,40.74,1.84,0
902,9919,康那香,5086762,25.41,879968,3116813,29.03,1953628,6949444,13,1.24,59.59,4.5,0
903,9921,巨大,70010849,10.41,5175909,26960858,19.81,3750646,62501788,8.46,1.88,60.25,13.19,0
904,9924,福興,9033976,4.05,832650,5963433,14.25,1884521,9019519,9.49,1.85,32.96,4.37,0
905,9925,新保,7195005,1.62,951265,11148239,8.91,3874896,17025624,5.8,0.78,34.33,2.31,0
906,9926,新海,2197817,-8.11,419729,3280603,13.12,1795041,6861767,6.24,0.69,50.87,2.34,0
907,9927,泰銘,8536948,-13.25,354015,5212937,6.94,2091482,6352995,5.64,2.58,18.97,1.68,0
908,9928,中視,766667,4.41,-27139,429347,-6.47,1507246,3636286,-0.75,0.34,87.99,-0.18,0
909,9929,秋雨,749997,-36.78,870262,1154440,57.04,1012800,2187492,33.71,0.51,75.86,6.94,0
910,9930,中聯資源,9970633,4.89,773023,5584540,14.14,2485404,13230397,6.24,1.4,54.75,3.07,0
911,9931,欣高,1232504,-15.32,193302,2226123,8.89,1104306,4790743,4.11,0.59,53.47,1.73,0
912,9933,中鼎,55558409,-4.55,1305146,19034237,6.95,7633599,70787963,1.9,1.45,72.16,1.01,0
913,9934,成霖,16775209,-1.41,287487,5517277,5.35,3581640,16830743,1.75,2.03,64.83,0.81,0
914,9935,慶豐富,6022518,7.54,363877,2139516,17.32,1696233,6203534,5.53,1.72,65.51,2.15,0
915,9937,全國,18357564,-19.95,774721,5233652,15.11,3090430,12254438,6.34,3.1,62.45,2.57,0
916,9938,百和,14645277,-3.71,1800435,12453988,14.8,2979639,31742387,5.76,0.97,57.77,5.21,0
917,9939,宏全,19348249,-10.12,1730740,13883905,12.68,2877859,31692510,5.39,1.2,56.45,5.72,0
918,9940,信義,13061441,5.09,1569168,11654984,14.08,7368465,31861472,4.98,0.69,65.31,2.11,0
919,9941,裕融,29632864,5.74,2897250,22088060,13.36,4323013,202593027,1.44,0.25,89.69,8.85,0
920,9942,茂順,2874514,-4.91,388910,3037248,13.07,831613,4386841,8.98,1.23,29.05,4.64,0
921,9943,好樂迪,2748625,-8.08,651294,4085045,16.29,1473176,6079558,10.93,0.88,31.59,4.41,0
922,9944,新麗,2347804,-17.53,90366,2916598,3.1,1091071,5029202,1.78,0.99,43.59,0.69,0
923,9945,潤泰新,19084589,10.15,9275392,118965351,8.46,15048810,186389375,5.21,0.2,43.12,5.88,0
924,9946,三發地產,1491772,-70.61,182975,6540343,2.78,3309030,10878361,1.59,0.77,42.05,0.57,0
925,9955,佳龍,3004576,74.24,-123303,1589279,-7.67,1032082,2882000,-4.22,1.05,41.51,-1.19,0
926,9958,世紀鋼,6408626,166.77,1172997,9336956,13.82,2299898,17207745,7.01,0.36,49.96,4.38,0
927,2880,華南金,24642539,-14.42,8653483,189404165,4.62,128547788,3101082238,0.29,0.04,93.09,0.67,0
928,2881,富邦金,137294299,6.32,90971677,776782796,12.56,115002640,9244452655,1,0.1,92.75,8.54,1
929,2882,國泰金,190929532,13.31,75958223,904775681,8.78,147025102,10950472444,0.71,0.1,92.23,5.41,1
930,2883,開發金,66703953,-6.01,20676286,332626087,6.57,149732712,3434618475,0.61,0.15,90.21,0.87,1
931,2884,玉山金,21338518,3.08,18047856,181600577,10.07,125671000,2971744682,0.63,0.05,93.07,1.43,1
932,2885,元大金,26918952,7.29,25977044,273617446,9.65,121374360,2759239447,0.97,0.09,89.64,1.99,1
933,2886,兆豐金,31550874,-6.85,25017968,326588960,7.74,135998240,3856376532,0.66,0.05,91.2,1.84,1
934,2887,台新金,21659114,0.68,14488827,186109382,7.86,117126998,2196059206,0.67,0.05,91.19,1.17,0
935,2888,新光金,100285618,-3.5,14459259,241578858,5.94,133173941,4357123796,0.34,0.13,95.09,1.12,1
936,2889,國票金,2277257,23.29,3734919,42737811,8.89,28964817,316757486,1.21,0.04,86.1,1.12,0
937,2890,永豐金,18500556,7.37,12241354,155869732,7.98,112710541,2143348565,0.59,0.05,91.91,1.09,0
938,2891,中信金,109053668,-26.57,42855155,405310740,11.02,199969796,6616667179,0.65,0.08,93.87,2.15,1
939,2892,第一金,30482847,-4.41,16807541,221206869,7.68,128358011,3550503691,0.48,0.05,93.15,1.31,1
940,5880,合庫金,34896214,5.33,17134991,237681557,7.3,133342237,4147041390,0.42,0.03,93.93,1.24,0
941,2816,旺旺保,8237782,1.93,702097,5847193,12.1,2236080,17744732,3.96,0.8,69.06,3.14,0
942,2823,中壽,323248432,-4.64,15547836,179657205,9.38,47313972,2219711848,0.71,0.3,92.87,3.29,1
943,2832,台產,5396686,3.67,687595,9580533,7.3,3622004,19580636,3.56,0.49,51.88,1.9,1
944,2850,新產,16510114,6.3,1629724,13223700,12.78,3159633,39472341,4.28,0.78,67.16,5.16,1
945,2851,中再保,17656923,9.72,1515729,13409237,11.65,5903888,42713588,3.6,0.72,69.28,2.57,0
946,2852,第一保,5854672,-3.22,152882,6762084,2.28,3011638,16025987,0.97,0.66,57.05,0.51,0
947,2867,三商壽,157231964,-12.4,1444538,42111789,3.6,25019715,1338837240,0.11,0.25,96.81,0.61,1
948,1409,新纖,32128967,-15.24,3639884,0,3.86,,,0.91,0.44,75.71,1.79,0
949,1718,中纖,30816399,-12.9,4048708,0,6.19,,,0.54,0.09,91.49,0.73,0
950,2207,和泰車,231813269,8.72,16535210,0,20.42,,,5.89,1.46,70.41,25.36,1
951,2905,三商,210659310,-8.22,2522479,0,5.61,,,0.19,0.31,96.58,1.63,0
