Company_Code,Company_Name,Revenue,Revenue_Growth_Rate,Net_Income_Loss,Net_Worth,Return_on_Equity,Stock,Total_Assets,Return_on_Assets,Asset_Turnover_Ratio,Debt_Ratio,EPS,Top_100
2801,彰銀,19140252.0,14.83,7040927.0,165053790.0,4.28,103847236.0,2313440219.0,0.31,0.04,92.4,0.68,0.00 
2809,京城銀,5245953.0,4.87,5490971.0,46583090.0,12.29,11212343.0,325457939.0,1.72,0.07,85.52,4.9,0.00 
2812,台中銀,8279093.0,3.87,4025533.0,57321753.0,7.26,41516943.0,736770021.0,0.56,0.04,92.48,1.03,0.00 
2820,華票,1120638.0,24.44,1578242.0,25449442.0,6.3,13429600.0,218284001.0,0.71,0.03,87.92,1.18,0.00 
2834,臺企銀,16192217.0,5.81,4701775.0,98658749.0,4.8,74885834.0,1791635053.0,0.27,0.04,94.53,0.63,0.00 
2836,高雄銀,2605181.0,0.18,763315.0,16214624.0,4.73,11295577.0,276159561.0,0.28,0.04,94.3,0.68,0.00 
2838,聯邦銀,7641060.0,3.8,3441505.0,60192412.0,5.84,32933688.0,757558002.0,0.45,0.05,91.91,0.96,0.00 
2845,遠東銀,6036627.0,3.98,2518703.0,48743705.0,5.18,34481044.0,680047467.0,0.37,0.05,92.78,0.73,0.00 
2849,安泰銀,3425664.0,8.83,2171460.0,34521952.0,6.35,19579101.0,311461016.0,0.7,0.05,88.99,1.11,0.00 
2897,王道銀行,4024649.0,3.15,2300929.0,54252765.0,4.39,30330063.0,575413630.0,0.4,0.04,90.94,0.41,0.00 
5876,上海商銀,26388610.0,7.68,17814616.0,205099212.0,8.73,44816031.0,2113741790.0,0.83,0.05,90.16,3.01,0.00 
2855,統一證,9581272.0,34.15,3614596.0,29479482.0,12.64,13998378.0,113711765.0,3.23,0.13,72.05,2.58,0.00 
6005,群益證,9724095.0,24.67,3840679.0,38674730.0,10.11,21709081.0,163062634.0,2.36,0.1,72.8,1.64,0.00 
6024,群益期,2425823.0,26.31,622344.0,6386959.0,9.84,2104376.0,46413395.0,1.34,0.08,87.75,3.07,0.00 
1101,台泥,114367247.0,6.86,27991393.0,218830053.0,13.13,60102549.0,389506236.0,7.28,0.58,43.27,4.32,0.00 
1102,亞泥,78240880.0,12.42,18773807.0,169886952.0,11.16,33614472.0,297086855.0,6.27,0.53,43.0,4.7,0.00 
1103,嘉泥,2058417.0,9.2,1837994.0,25017349.0,7.64,7747805.0,40646227.0,4.69,0.09,38.85,2.74,0.00 
1104,環泥,5426217.0,8.4,1259795.0,18785353.0,6.86,6536092.0,24102936.0,5.33,0.37,22.64,1.91,0.00 
1108,幸福,4530172.0,21.4,392269.0,4656919.0,8.49,4047380.0,8027307.0,4.93,0.87,41.04,0.97,0.00 
1109,信大,7593294.0,3.15,1448873.0,9541016.0,15.78,3419579.0,11811053.0,12.81,1.25,22.89,2.94,0.00 
1110,東泥,1590986.0,0.38,16949.0,8548719.0,0.2,5720008.0,9865320.0,0.17,0.28,12.01,0.04,0.00 
1201,味全,18650871.0,7.77,536142.0,6855788.0,7.99,5060629.0,18031521.0,2.93,1.83,63.64,1.06,0.00 
1203,味王,6043700.0,6.17,693921.0,6312382.0,11.16,2400000.0,9331602.0,7.45,1.17,34.05,1.81,0.00 
1210,大成,81650892.0,3.14,4072346.0,27886752.0,15.04,8273391.0,51693036.0,7.89,2.84,48.57,3.99,0.00 
1213,大飲,409612.0,5.94,27252.0,536146.0,5.0,566226.0,1255281.0,2.14,0.62,55.5,0.48,0.00 
1215,卜蜂,22189635.0,4.8,1639876.0,8733486.0,19.22,2679910.0,19546349.0,8.47,2.0,53.74,6.18,0.00 
1216,統一,447319979.0,0.08,30800665.0,180598593.0,17.3,56820154.0,495338492.0,6.24,1.67,63.56,3.79,0.00 
1217,愛之味,4614486.0,3.3,249394.0,6858474.0,3.68,4945134.0,13340859.0,1.86,0.62,50.07,0.47,0.00 
1218,泰山,8356125.0,4.27,851541.0,7031602.0,12.25,4999990.0,9240265.0,9.28,1.51,28.43,1.75,0.00 
1219,福壽,12324165.0,0.67,565233.0,4443414.0,12.91,3220139.0,8550063.0,6.6,2.39,55.7,1.91,0.00 
1220,台榮,2775071.0,6.85,189740.0,2548594.0,7.53,1770779.0,3101296.0,6.27,1.65,21.31,1.02,0.00 
1225,福懋油,10213493.0,4.07,417787.0,3733141.0,11.45,2187030.0,7693394.0,5.52,2.32,52.87,1.72,0.00 
1227,佳格,34466244.0,10.23,3255830.0,18015627.0,18.55,9150897.0,27823862.0,12.26,2.15,33.5,3.54,0.00 
1229,聯華,9544161.0,15.64,3499454.0,44450094.0,8.23,12814983.0,55988518.0,6.53,0.31,19.15,2.43,0.00 
1231,聯華食,8817321.0,2.66,685698.0,4065573.0,17.42,1833252.0,8822575.0,7.81,2.0,51.06,3.74,0.00 
1232,大統益,17440979.0,1.7,1322623.0,4641004.0,29.9,1599749.0,6348688.0,21.94,5.25,28.86,8.08,0.00 
1233,天仁,1906194.0,15.07,57383.0,1504274.0,3.89,905919.0,2433516.0,2.37,1.59,35.07,0.63,0.00 
1234,黑松,9204945.0,0.65,890163.0,18068635.0,4.95,4018711.0,22211391.0,3.96,0.69,21.03,2.22,0.00 
1235,興泰,78579.0,27.28,65636.0,2997328.0,2.39,1043978.0,4167382.0,1.64,0.02,38.58,0.65,0.00 
1236,宏亞,1637280.0,12.16,180.0,1607981.0,0.01,1083425.0,2764972.0,0.01,1.2,38.43,0.0,0.00 
1256,鮮活果汁-KY,3479683.0,1.15,776806.0,2670735.0,30.36,338422.0,3557450.0,21.83,1.99,34.59,22.99,0.00 
1301,台塑,185813405.0,10.6,20036199.0,332536140.0,6.41,63657408.0,479280423.0,4.35,0.74,29.76,3.15,1.00 
1303,南亞,273353806.0,4.52,26888091.0,356586478.0,7.86,79308216.0,584712347.0,4.74,0.9,35.9,3.24,1.00 
1304,台聚,50201273.0,9.81,5682637.0,48723643.0,12.22,11887635.0,77324516.0,7.56,1.36,45.15,2.25,0.00 
1305,華夏,13733148.0,9.17,1791710.0,10303758.0,18.37,5533814.0,13893625.0,13.35,2.15,29.35,2.95,0.00 
1307,三芳,8441756.0,17.81,218012.0,7873126.0,2.77,3978181.0,15340889.0,1.42,1.18,45.4,0.55,0.00 
1308,亞聚,5703546.0,16.01,1103587.0,12109545.0,9.65,5821018.0,16883503.0,6.75,0.7,39.55,1.9,0.00 
1309,台達化,15498381.0,12.29,1919818.0,6355806.0,32.71,3442310.0,9245870.0,21.54,3.82,46.28,5.58,0.00 
1310,台苯,8113225.0,33.61,289723.0,7463726.0,4.16,5278698.0,9012370.0,3.49,2.31,22.3,0.55,0.00 
1312,國喬,16575784.0,19.12,4320555.0,31120337.0,14.51,9266203.0,36322368.0,12.53,1.15,13.51,4.52,0.00 
1313,聯成,51866839.0,17.29,2134320.0,24954701.0,9.01,13323476.0,44200637.0,4.86,2.4,54.44,1.62,0.00 
1314,中石化,17583092.0,40.64,674660.0,70868031.0,0.96,32848502.0,104909990.0,0.65,0.58,30.35,0.21,0.00 
1315,達新,2233540.0,8.46,5430211.0,12204094.0,44.67,1386000.0,13066420.0,40.81,0.44,15.44,31.97,0.00 
1316,上曜,1236441.0,51.72,65067.0,2609608.0,3.96,1846776.0,7095303.0,1.47,0.17,64.56,0.2,0.00 
1319,東陽,17322986.0,19.87,742587.0,22359392.0,3.34,5914771.0,35553199.0,2.09,1.01,38.72,1.39,0.00 
1321,大洋,4980018.0,6.33,715152.0,6604117.0,5.93,2272283.0,12175162.0,3.14,0.71,53.98,3.24,0.00 
1323,永裕,3406532.0,6.51,353094.0,2581337.0,14.06,912745.0,5473347.0,6.51,1.25,53.79,3.2,0.00 
1324,地球,1055758.0,7.09,16364.0,972295.0,1.69,751219.0,1242489.0,1.35,1.61,20.43,0.22,0.00 
1325,恆大,4056858.0,424.97,2014576.0,3829882.0,56.4,852812.0,4635081.0,46.27,0.73,5.91,23.16,0.00 
1326,台化,253294668.0,21.91,21553709.0,395452529.0,5.81,58611863.0,531820428.0,4.23,1.03,25.66,3.34,1.00 
1337,再生-KY,1008157.0,20.04,1312802.0,5794990.0,21.2,2689547.0,6532866.0,19.12,0.29,7.78,4.88,0.00 
1338,廣華-KY,6166478.0,16.99,287319.0,6565723.0,4.49,838400.0,10354080.0,2.89,1.28,34.02,3.51,0.00 
1339,昭輝,2120901.0,20.57,119613.0,3585661.0,3.36,741389.0,5298401.0,2.25,0.84,32.73,1.59,0.00 
1340,勝悅-KY,656406.0,43.38,389742.0,5421970.0,7.11,1529229.0,5565765.0,6.89,0.0,4.34,2.55,0.00 
1341,富林-KY,2664416.0,11.8,310881.0,1216621.0,26.45,494000.0,2121080.0,14.83,2.45,42.95,6.29,0.00 
1342,八貫,1531351.0,2197.9027262931036,196227.0,1458936.0,13.349612068965518,678453.0,1975262.0,6.0490625,1.251293103448276,46.20329741379311,3.15,0.00 
1402,遠東新,206769281.0,17.23,12980539.0,269424640.0,4.86,53528751.0,616955270.0,2.12,0.78,52.9,1.62,0.00 
1410,南染,416256.0,4.56,62551.0,1138609.0,5.55,630000.0,1387560.0,4.56,0.49,16.9,0.95,0.00 
1413,宏洲,1558963.0,46.88,162038.0,1040486.0,15.4,1321124.0,2737080.0,5.98,2.1,56.4,1.23,0.00 
1414,東和,702471.0,11.14,58588.0,3119690.0,1.89,2200000.0,4416425.0,1.32,0.31,32.28,0.27,0.00 
1416,廣豐,20370.0,21.26,343732.0,3617737.0,8.11,1853422.0,7210490.0,4.19,0.06,45.3,1.85,0.00 
1417,嘉裕,1035869.0,24.7,353043.0,2558563.0,10.44,1899419.0,3147085.0,8.5,0.57,28.48,1.86,0.00 
1418,東華,100142.0,52.66,228235.0,407391.0,53.42,568343.0,2232986.0,10.24,0.16,74.13,4.2,0.00 
1419,新紡,2149213.0,3.22,364492.0,9087368.0,4.18,3000413.0,13579128.0,2.77,0.27,32.35,1.22,0.00 
1423,利華,202723.0,55.45,354023.0,3003190.0,13.48,1384000.0,3335725.0,12.2,0.33,8.56,2.56,0.00 
1432,大魯閣,1154819.0,2.02,15844.0,796172.0,1.67,750000.0,4804207.0,0.32,0.35,80.6,0.0,0.00 
1434,福懋,28783492.0,21.46,2095306.0,61483588.0,3.65,16846646.0,79462058.0,2.78,0.85,20.48,1.25,0.00 
1435,中福,15053.0,29.05,21435.0,830205.0,2.55,1397801.0,1007903.0,2.11,0.03,15.73,0.17,0.00 
1436,華友聯,1631881.0,21.35,179648.0,2706849.0,6.61,956340.0,11672964.0,1.57,0.28,71.9,1.88,0.00 
1437,勤益控,605384.0,2.49,356977.0,6397640.0,5.64,2033713.0,11237184.0,3.18,0.09,40.95,1.76,0.00 
1438,三地開發,98432.0,894718.18,45919.0,560237.0,8.17,1024115.0,1866081.0,3.29,0.0,11.92,0.45,0.00 
1439,中和,113119.0,34.62,243523.0,2230790.0,10.76,920000.0,2405928.0,10.33,0.11,0.69,2.65,0.00 
1440,南紡,17628221.0,23.19,971261.0,25277681.0,3.9,16568159.0,46874462.0,2.09,0.9,44.69,0.57,0.00 
1441,大東,1509851.0,4.2,292272.0,964789.0,29.53,1008000.0,2388768.0,11.72,0.87,56.8,2.46,0.00 
1442,名軒,2231333.0,221.22,76808.0,5514196.0,1.46,3662113.0,12921260.0,0.6,0.1,57.5,0.25,0.00 
1443,立益,569401.0,19.19,58737.0,788945.0,6.02,1353430.0,5690226.0,0.84,0.23,84.63,0.29,0.00 
1444,力麗,8373609.0,30.27,424828.0,11476477.0,3.75,9573029.0,17398746.0,2.5,1.13,37.33,0.38,0.00 
1445,大宇,917470.0,33.06,57906.0,1592896.0,3.63,1306660.0,1970847.0,2.94,1.18,17.41,0.44,0.00 
1446,宏和,490557.0,11.61,7438.0,1538654.0,0.49,1377095.0,4085885.0,0.18,0.22,63.4,0.05,0.00 
1447,力鵬,13559461.0,7.0,414333.0,10429215.0,4.05,9144872.0,17844807.0,2.29,1.4,44.17,0.48,0.00 
1449,佳和,1929151.0,22.71,127030.0,1084525.0,12.31,878125.0,6364291.0,2.06,0.65,88.94,1.46,0.00 
1451,年興,7019373.0,18.07,423066.0,7269509.0,5.86,1980000.0,9045576.0,4.68,1.6,22.96,2.14,0.00 
1452,宏益,1271905.0,33.69,97497.0,2514111.0,3.95,1326414.0,2749971.0,3.66,1.27,7.6,0.74,0.00 
1453,大將,219411.0,390.2,15301.0,1293259.0,1.18,1006151.0,1355776.0,1.15,0.03,2.93,0.15,0.00 
1454,台富,1204928.0,36.73,38295.0,1527087.0,2.56,1298338.0,1992198.0,2.01,1.65,25.45,0.31,0.00 
1455,集盛,7675607.0,35.18,40115.0,6525869.0,0.62,5500014.0,8926635.0,0.45,2.07,25.15,0.07,0.00 
1456,怡華,716457.0,32.89,68064.0,1288189.0,5.5,937200.0,6711723.0,1.01,0.32,76.13,0.73,0.00 
1457,宜進,2707215.0,41.94,556686.0,7763198.0,8.19,3016476.0,17780814.0,3.67,0.45,59.33,2.89,0.00 
1459,聯發,1783734.0,42.87,183707.0,2931160.0,6.42,3586289.0,5993026.0,3.04,0.91,49.64,0.58,0.00 
1460,宏遠,7343877.0,17.27,936989.0,3806320.0,23.03,5098341.0,13565096.0,6.89,1.12,64.19,1.94,0.00 
1463,強盛,441609.0,20.78,61102.0,2247837.0,2.73,1732684.0,2634240.0,2.35,0.39,9.78,0.33,0.00 
1464,得力,8594659.0,21.68,206633.0,5454783.0,3.75,3845657.0,17847430.0,1.17,1.0,66.63,0.54,0.00 
1465,偉全,425282.0,52.24,25072.0,1711413.0,1.46,1036073.0,1917878.0,1.3,0.51,16.62,0.24,0.00 
1466,聚隆,2635433.0,19.5,40489.0,1579597.0,2.59,1111573.0,3420333.0,1.2,1.68,54.67,0.38,0.00 
1467,南緯,8598587.0,23.78,164775.0,3332000.0,5.08,2336247.0,8112920.0,1.97,1.75,63.22,0.72,0.00 
1468,昶和,961757.0,4.75,45183.0,1257998.0,3.56,1604053.0,2867261.0,1.62,0.7,54.3,0.26,0.00 
1470,大統新創,630757.0,22.91,35414.0,966140.0,3.71,857670.0,1173413.0,3.12,1.23,16.35,0.41,0.00 
1471,首利,1085366.0,16.68,396093.0,1043367.0,39.45,1504145.0,1595001.0,22.49,1.28,48.75,2.63,0.00 
1472,三洋紡,329104.0,27.43,425124.0,260628.0,196.35,860528.0,1794920.0,29.05,0.5,68.36,8.66,0.00 
1473,台南,5970540.0,22.09,355198.0,3279999.0,10.45,1471535.0,5038874.0,6.7,2.36,34.55,2.45,0.00 
1474,弘裕,2858477.0,17.2,100880.0,1995694.0,5.12,1298970.0,3862094.0,2.63,1.63,47.54,0.83,0.00 
1475,業旺,168113.0,197.43,3910.0,350092.0,1.08,560168.0,435455.0,0.9,1.59,67.14,0.24,0.00 
1476,儒鴻,28175401.0,0.18,4254534.0,19167984.0,23.13,2743671.0,26446425.0,16.67,2.13,22.28,15.51,0.00 
1477,聚陽,24924170.0,7.85,2078913.0,10164164.0,21.09,2198566.0,18635811.0,11.72,3.26,37.66,9.35,0.00 
1503,士電,25684003.0,0.53,1596946.0,25700345.0,6.27,5209722.0,42057817.0,3.85,1.11,39.46,2.93,0.00 
1504,東元,45823430.0,5.28,3811648.0,67625232.0,5.65,19676929.0,105679071.0,3.6,0.85,37.73,1.81,0.00 
1506,正道,855851.0,27.15,370361.0,902840.0,40.13,1631618.0,2289883.0,16.09,0.74,67.69,2.19,0.00 
1507,永大,15318751.0,11.42,1345347.0,12042300.0,11.33,4108200.0,23916553.0,5.75,1.09,47.27,3.2,0.00 
1512,瑞利,1188984.0,38.79,128179.0,184737.0,67.05,2367025.0,2218122.0,5.8,1.23,89.92,0.55,0.00 
1513,中興電,15390789.0,24.35,1551301.0,10903546.0,15.31,4761343.0,29541235.0,5.46,1.05,61.35,3.59,0.00 
1514,亞力,5113892.0,5.51,320145.0,3327346.0,9.74,2174540.0,6119464.0,5.14,1.42,46.53,1.51,0.00 
1515,力山,11374207.0,43.94,822190.0,3761193.0,23.11,1814735.0,9541148.0,9.37,1.97,50.01,4.5,0.00 
1516,川飛,820184.0,21.97,28653.0,407295.0,7.08,343948.0,473379.0,6.09,2.51,17.67,0.83,0.00 
1517,利奇,3383919.0,12.85,202305.0,3367379.0,6.16,2278250.0,4823283.0,4.33,1.19,26.74,0.76,0.00 
1519,華城,8471592.0,18.04,457514.0,3547016.0,13.21,2610585.0,8692352.0,4.91,1.26,60.65,1.75,0.00 
1521,大億,4797165.0,11.0,159750.0,1760329.0,9.25,762300.0,3669776.0,4.38,2.58,47.72,2.1,0.00 
1522,堤維西,14446208.0,17.92,286687.0,6704926.0,4.33,3128979.0,22745135.0,1.27,1.29,70.94,0.84,0.00 
1524,耿鼎,1908786.0,20.26,36537.0,2203927.0,1.67,1653104.0,5033319.0,0.72,0.82,54.16,0.21,0.00 
1525,江申,1052991.0,15.23,324045.0,4323976.0,7.67,734001.0,5284732.0,6.27,0.43,18.48,4.41,0.00 
1526,日馳,1246649.0,9.99,178317.0,1132693.0,15.95,600000.0,1847517.0,10.04,1.2,38.24,2.97,0.00 
1527,鑽全,3589313.0,3.62,406950.0,4116934.0,10.01,1385706.0,5089151.0,8.17,0.67,15.88,2.94,0.00 
1528,恩德,3210946.0,22.73,118019.0,2184250.0,5.37,1993310.0,5010635.0,2.36,1.35,52.91,0.61,0.00 
1529,樂士,609148.0,23.27,62077.0,1074091.0,5.81,959680.0,1627586.0,3.84,0.65,43.48,0.65,0.00 
1530,亞崴,3093583.0,9.49,594202.0,3251872.0,18.39,965942.0,6023970.0,9.65,0.89,55.28,3.92,0.00 
1531,高林股,1609928.0,25.81,55089.0,3540095.0,1.56,1836081.0,4424494.0,1.27,0.87,16.76,0.3,0.00 
1532,勤美,13125899.0,3.89,791441.0,16002072.0,5.08,3761221.0,44787320.0,1.78,0.59,63.33,1.47,0.00 
1533,車王電,2866192.0,2.21,5000.0,2723530.0,0.19,985475.0,6428761.0,0.08,0.85,54.42,0.86,0.00 
1535,中宇,8836360.0,5.15,197435.0,2960256.0,6.74,1237426.0,6724372.0,3.1,2.58,51.93,1.6,0.00 
1536,和大,5211042.0,12.76,285560.0,6407043.0,4.51,2545175.0,18351175.0,1.58,0.61,61.38,1.12,0.00 
1537,廣隆,7119214.0,10.31,879196.0,3990104.0,22.55,820684.0,5445598.0,16.29,2.52,25.4,10.75,0.00 
1538,正峰,275762.0,22.63,12302.0,172935.0,6.99,264105.0,458269.0,2.69,0.61,84.34,0.57,0.00 
1539,巨庭,2293323.0,4.45,18592.0,1251074.0,1.47,653700.0,4436747.0,0.42,1.21,60.81,0.28,0.00 
1540,喬福,311106.0,53.61,20657.0,1336100.0,1.55,854736.0,1566895.0,1.33,0.7,13.24,0.24,0.00 
1541,錩泰,5271945.0,25.52,456555.0,1714454.0,27.57,788000.0,3839724.0,12.09,2.33,58.81,5.79,0.00 
1558,伸興,6965819.0,17.35,845641.0,5054478.0,17.06,605356.0,7981683.0,10.74,1.63,25.43,13.76,0.00 
1560,中砂,5156550.0,5.72,539476.0,4735991.0,11.58,1410775.0,9452848.0,5.93,1.11,41.89,3.63,0.00 
1568,倉佑,1756718.0,13.66,10300.0,1479953.0,0.7,1030865.0,3146395.0,0.33,1.06,53.46,0.1,0.00 
1582,信錦,9663341.0,12.49,974682.0,6241835.0,16.15,1237242.0,11770911.0,8.81,1.63,42.95,7.81,0.00 
1583,程泰,5205033.0,15.02,685775.0,6465981.0,10.73,1104004.0,12308522.0,5.52,0.83,53.84,4.39,0.00 
1587,吉茂,1725729.0,13.8,173670.0,1292135.0,13.66,653566.0,2673908.0,6.55,1.05,52.86,2.64,0.00 
1589,永冠-KY,8184273.0,3.6,516530.0,8763942.0,6.16,1106175.0,16394386.0,3.28,0.99,42.15,4.81,0.00 
1590,亞德客-KY,19103001.0,20.17,4844203.0,22491128.0,22.59,1890250.0,41430981.0,11.97,0.7,54.47,25.63,0.00 
1592,英瑞-KY,4677501.0,5.66,1550068.0,909252.0,128.35,1109783.0,4750887.0,27.92,1.14,67.96,13.57,0.00 
1597,直得,1381885.0,2197.9027262931036,203095.0,2113058.0,13.349612068965518,811876.0,3509341.0,6.0490625,1.251293103448276,46.20329741379311,2.51,0.00 
1598,岱宇,13123756.0,124.35,1318056.0,4869862.0,29.84,1326523.0,13251988.0,10.8,1.4,69.24,11.69,0.00 
1603,華電,2244267.0,17.32,326569.0,5424937.0,6.06,1916880.0,8341380.0,3.82,0.58,36.58,2.05,0.00 
1604,聲寶,7670020.0,7.84,1835995.0,8094071.0,23.11,3872000.0,12614809.0,14.65,1.02,45.28,4.86,0.00 
1605,華新,112546603.0,16.53,7005801.0,87280830.0,8.4,32260002.0,151564006.0,4.78,1.75,43.1,2.04,1.00 
1608,華榮,7440063.0,5.01,371697.0,7923083.0,4.85,6327735.0,12343475.0,3.08,1.16,35.71,0.76,0.00 
1609,大亞,18300805.0,0.35,1033720.0,9130044.0,11.6,5950680.0,25204203.0,4.24,1.53,59.65,1.45,0.00 
1611,中電,2074046.0,12.17,78618.0,4208206.0,1.88,3227358.0,5982799.0,1.3,0.64,22.59,0.23,0.00 
1612,宏泰,4567162.0,30.33,517169.0,5296315.0,10.05,3160801.0,6142370.0,8.67,1.05,20.28,1.64,0.00 
1614,三洋電,5488349.0,5.56,355605.0,5357483.0,6.67,2691134.0,6567985.0,5.36,1.46,17.44,1.36,0.00 
1615,大山,3165977.0,0.59,328750.0,2029888.0,16.72,1230480.0,3417234.0,9.8,1.96,35.35,2.67,0.00 
1616,億泰,2682733.0,14.76,1703.0,1506404.0,0.11,1941485.0,2776143.0,0.06,1.69,46.95,0.01,0.00 
1617,榮星,2984283.0,2.6,146273.0,1797135.0,8.24,1442332.0,3041241.0,4.94,1.83,38.17,1.02,0.00 
1618,合機,2822947.0,2.36,241980.0,4615594.0,5.48,2408647.0,5036954.0,4.94,1.0,11.27,1.0,0.00 
1626,艾美特-KY,9207346.0,9.22,156239.0,3138916.0,5.07,1395876.0,9253342.0,1.68,2.17,66.19,1.12,0.00 
1701,中化,8181056.0,2.37,559500.0,6626859.0,8.48,2980811.0,12356914.0,4.57,1.21,48.7,1.88,0.00 
1702,南僑,17621763.0,4.09,995601.0,6955389.0,14.96,2941330.0,25340484.0,3.99,1.34,73.09,3.84,0.00 
1707,葡萄王,9168195.0,0.77,1895095.0,7978454.0,24.75,1362864.0,13104121.0,15.1,1.44,34.23,9.34,0.00 
1708,東鹼,4034992.0,7.05,174129.0,5796077.0,3.01,2284419.0,11878285.0,1.45,0.6,52.83,0.76,0.00 
1709,和益,8481829.0,3.66,539660.0,7484947.0,7.28,4770163.0,11120153.0,4.88,1.35,35.88,1.16,0.00 
1710,東聯,18763159.0,16.02,1471647.0,14911806.0,9.67,8857031.0,34103627.0,4.17,1.12,54.63,1.22,0.00 
1711,永光,7769066.0,16.75,205022.0,8388383.0,2.48,5477522.0,13226389.0,1.56,1.18,40.26,0.39,0.00 
1712,興農,17484401.0,2.36,721519.0,7107429.0,10.11,4204926.0,14955981.0,4.84,1.99,53.64,1.7,0.00 
1713,國化,475644.0,19.82,91433.0,2339296.0,3.96,1509517.0,2484080.0,3.72,0.42,6.27,0.61,0.00 
1714,和桐,25849191.0,4.84,2399546.0,16343964.0,14.76,10168248.0,24281825.0,9.94,1.99,41.89,1.68,0.00 
1717,長興,38370366.0,4.94,2493217.0,23238302.0,11.08,12402795.0,56188625.0,4.55,1.3,59.25,2.05,0.00 
1720,生達,4305400.0,9.52,625560.0,4905835.0,12.99,1786961.0,7049447.0,9.01,0.99,32.93,2.93,0.00 
1721,三晃,2752601.0,15.15,524306.0,2477377.0,19.67,1889952.0,4799421.0,10.75,1.36,46.36,2.43,0.00 
1722,台肥,10169742.0,21.41,2452881.0,51308711.0,4.79,9800000.0,76346127.0,3.22,0.3,32.95,2.5,0.00 
1723,中碳,5363774.0,28.89,708027.0,6810426.0,10.67,2369044.0,11642873.0,6.13,1.11,39.14,3.09,0.00 
1724,台硝,1746339.0,8.14,25477.0,1946526.0,1.31,1278139.0,3140270.0,0.8,1.19,28.02,0.2,0.00 
1725,元禎,7072520.0,17.63,249050.0,3430670.0,7.52,1818300.0,5342572.0,4.73,2.75,36.12,1.37,0.00 
1726,永記,7987996.0,0.61,830516.0,8763190.0,9.64,1620000.0,10286126.0,8.3,1.41,13.97,5.13,0.00 
1727,中華化,1772950.0,21.78,153895.0,1268603.0,1.32,1082500.0,2298098.0,0.72,1.58,41.61,1.26,0.00 
1730,花仙子,3058759.0,9.81,383850.0,1868498.0,20.83,632339.0,2595403.0,15.03,2.33,33.02,5.51,0.00 
1731,美吾華,1065325.0,3.23,171002.0,1876050.0,9.21,1329152.0,2476266.0,6.96,0.72,35.75,1.29,0.00 
1732,毛寶,620713.0,4.52,38595.0,490521.0,7.97,424439.0,650622.0,6.06,1.75,23.78,0.91,0.00 
1733,五鼎,2005337.0,8.8,94629.0,1646167.0,5.8,999502.0,2651442.0,3.58,1.37,40.42,0.95,0.00 
1734,杏輝,2388452.0,0.17,172559.0,3143823.0,5.51,1677221.0,6126915.0,2.81,0.69,45.87,0.17,0.00 
1735,日勝化,2363415.0,25.55,74010.0,1484544.0,5.1,993880.0,3055063.0,2.44,1.91,49.53,0.74,0.00 
1736,喬山,28366756.0,11.44,747354.0,10281725.0,7.66,3036166.0,31187089.0,2.44,1.59,66.08,2.24,0.00 
1737,臺鹽,3130347.0,8.97,374589.0,6364228.0,5.95,2000000.0,7797719.0,4.89,0.68,19.06,1.83,0.00 
1760,寶齡富錦,1568637.0,0.34,27901.0,1239967.0,2.28,767391.0,3073954.0,1.12,1.46,28.91,0.36,0.00 
1762,中化生,1543589.0,33.45,532063.0,2498663.0,21.7,775600.0,3147140.0,17.35,0.6,41.4,6.86,0.00 
1773,勝一,7778275.0,3.6,1174007.0,5764974.0,21.02,1800000.0,8237310.0,14.82,1.87,29.61,6.52,0.00 
1776,展宇,1380972.0,14.46,56019.0,1098867.0,5.17,703470.0,1892973.0,3.0,1.53,40.81,0.65,0.00 
1783,和康生,457691.0,1.21,63311.0,860227.0,7.45,694650.0,956470.0,6.71,0.68,28.19,0.91,0.00 
1786,科妍,466881.0,6.62,128005.0,1404181.0,9.21,610050.0,1890726.0,6.81,0.41,26.91,2.1,0.00 
1789,神隆,3082928.0,6.57,282067.0,10529403.0,2.68,7907392.0,11846763.0,2.37,0.42,12.12,0.36,0.00 
1795,美時,10728583.0,15.42,1029651.0,8745414.0,12.11,2453540.0,19753418.0,5.37,0.85,56.78,4.22,0.00 
1802,台玻,41907654.0,0.33,2460548.0,46800197.0,5.81,29080608.0,89929777.0,2.97,0.82,50.34,0.85,0.00 
1805,寶徠,219762.0,72.81,61775.0,604837.0,10.07,1002654.0,1377771.0,4.57,0.16,54.99,0.62,0.00 
1806,冠軍,3609001.0,23.98,402867.0,5516902.0,7.35,4337821.0,9894776.0,4.09,0.82,40.15,0.93,0.00 
1808,潤隆,7656236.0,82.35,117248.0,5070936.0,2.36,3699966.0,36797990.0,0.33,0.24,81.06,0.32,0.00 
1809,中釉,1860523.0,18.29,96123.0,3469158.0,2.77,1670419.0,4295774.0,2.23,0.86,20.88,0.36,0.00 
1810,和成,5102207.0,7.81,79404.0,5951582.0,1.36,3698536.0,10738661.0,0.74,0.87,47.71,0.24,0.00 
1817,凱撒衛,2306521.0,1.22,220056.0,1715527.0,13.01,726000.0,2549013.0,8.64,1.61,33.02,3.04,0.00 
1903,士紙,159473.0,5.87,135685.0,3412685.0,4.59,2600391.0,7521993.0,1.92,0.05,61.75,0.52,0.00 
1904,正隆,40074390.0,0.82,3743869.0,26786556.0,14.24,11082745.0,61005820.0,6.23,1.16,56.93,3.36,0.00 
1905,華紙,18616694.0,10.02,312392.0,16985754.0,1.85,11028353.0,32670233.0,0.99,1.16,44.06,0.18,0.00 
1906,寶隆,1245461.0,2.19,93259.0,6372862.0,1.73,1510000.0,8355580.0,1.27,0.39,32.17,0.62,0.00 
1907,永豐餘,73234546.0,1.75,6603903.0,58287999.0,11.73,16603715.0,123771210.0,5.41,1.07,58.06,3.14,0.00 
1909,榮成,41600592.0,13.01,927510.0,25423046.0,3.88,12776857.0,73676851.0,1.28,1.17,68.28,0.77,0.00 
2002,中鋼,314783301.0,14.05,2257833.0,323106981.0,0.71,157731290.0,636082697.0,0.36,0.96,50.17,0.05,1.00 
2006,東和鋼鐵,42866290.0,4.69,3556583.0,27707825.0,13.46,10587599.0,44421087.0,8.0,1.63,49.04,3.52,0.00 
2007,燁興,5589791.0,14.7,484760.0,7424561.0,6.7,5306516.0,12939217.0,2.95,0.51,72.97,0.89,0.00 
2008,高興昌,962510.0,15.73,32794.0,2772158.0,1.26,2008523.0,6662194.0,0.54,0.4,52.64,0.16,0.00 
2009,第一銅,2260596.0,11.17,79210.0,4548719.0,1.93,3596222.0,6038411.0,1.44,0.86,30.55,0.22,0.00 
2010,春源,19228310.0,14.17,522395.0,10995110.0,4.82,6476554.0,18271473.0,2.85,1.64,38.29,0.79,0.00 
2012,春雨,8054615.0,13.7,263036.0,4131457.0,6.55,2877740.0,10745473.0,2.48,1.45,60.47,0.75,0.00 
2013,中鋼構,13242169.0,20.74,630701.0,4807058.0,13.5,2000000.0,14723286.0,4.28,1.97,70.26,3.26,0.00 
2014,中鴻,36790154.0,9.09,528260.0,15233274.0,3.64,14355444.0,27100057.0,1.93,2.37,52.18,0.37,0.00 
2015,豐興,27298051.0,1.58,2619426.0,19468210.0,13.76,5815994.0,23013862.0,11.73,2.24,14.81,4.5,0.00 
2017,官田鋼,3493012.0,11.68,65923.0,5271719.0,1.29,3418675.0,9386739.0,0.72,0.84,39.89,0.04,0.00 
2020,美亞,5073767.0,13.17,392144.0,3144355.0,12.82,2225261.0,6777379.0,5.76,1.24,50.32,1.76,0.00 
2022,聚亨,7930384.0,31.75,219823.0,5451198.0,4.04,4797520.0,8162208.0,2.63,2.2,38.45,0.39,0.00 
2023,燁輝,55421795.0,7.19,517588.0,27831114.0,1.88,18905695.0,84032370.0,0.62,1.25,67.23,0.39,0.00 
2024,志聯,1184430.0,4.17,26843.0,1136592.0,2.38,975000.0,1923232.0,1.37,1.01,46.37,0.28,0.00 
2025,千興,803775.0,30.41,209678.0,434108.0,47.3,2811673.0,1754625.0,12.2,1.06,67.38,0.75,0.00 
2027,大成鋼,59234909.0,23.93,101458.0,36956956.0,0.3,16584659.0,98131485.0,0.1,1.33,64.84,0.44,0.00 
2028,威致,8690155.0,10.2,602547.0,3006687.0,21.1,3257148.0,6565820.0,9.25,2.67,60.07,1.85,0.00 
2029,盛餘,9381644.0,5.02,253371.0,8910744.0,2.88,3211800.0,10066823.0,2.57,1.82,9.21,0.77,0.00 
2030,彰源,10560947.0,11.88,108351.0,3909369.0,2.82,2805260.0,11667992.0,0.95,1.95,62.45,0.38,0.00 
2031,新光鋼,9852311.0,16.21,845733.0,8101430.0,11.22,3082226.0,19893273.0,4.38,0.89,57.67,2.69,0.00 
2032,新鋼,3266944.0,14.85,75993.0,1708979.0,4.47,1305215.0,2076932.0,3.63,2.45,16.18,0.58,0.00 
2033,佳大,757773.0,8.92,19810.0,1041869.0,1.93,806945.0,1195584.0,1.66,1.19,17.8,0.25,0.00 
2034,允強,12717152.0,22.02,423567.0,9089375.0,5.23,4371307.0,13212563.0,3.34,2.33,38.66,1.04,0.00 
2038,海光,7600525.0,4.44,149541.0,3540413.0,4.32,1812645.0,8303616.0,1.87,1.76,56.35,0.87,0.00 
2049,上銀,21266659.0,5.21,1698779.0,27389394.0,6.57,3308663.0,48037782.0,3.52,0.74,51.06,6.05,0.00 
2059,川湖,4801405.0,1.38,1164589.0,11121041.0,10.59,952971.0,13375276.0,8.9,0.65,15.68,12.22,0.00 
2062,橋椿,7237623.0,18.27,77498.0,5188680.0,1.52,1630142.0,12530665.0,0.63,0.89,56.79,0.48,0.00 
2069,運錩,7433603.0,14.83,40157.0,3259089.0,1.26,1563868.0,8415947.0,0.49,1.84,58.87,0.26,0.00 
2101,南港,9695119.0,12.77,844378.0,10787307.0,7.94,8339349.0,32025140.0,2.69,0.71,61.26,1.05,0.00 
2102,泰豐,5704663.0,25.63,111477.0,7543425.0,1.81,4733292.0,14575805.0,0.95,0.58,46.19,0.24,0.00 
2103,台橡,24024443.0,16.9,215261.0,15858659.0,1.38,8257099.0,29268382.0,0.74,1.59,49.4,0.03,0.00 
2104,國際中橡,17105502.0,23.11,676010.0,33819562.0,2.02,9847336.0,50187227.0,1.35,0.78,33.55,0.75,0.00 
2105,正新,96209056.0,11.98,6001203.0,80975281.0,7.63,32414155.0,151325153.0,3.99,1.16,52.47,1.85,0.00 
2106,建大,30260185.0,6.25,972225.0,19109727.0,5.15,9094100.0,42390039.0,2.3,1.35,55.3,1.07,0.00 
2107,厚生,3282255.0,21.49,901716.0,11182259.0,8.2,3423260.0,12257115.0,7.47,0.37,16.75,2.62,0.00 
2108,南帝,14402725.0,16.26,3620225.0,11287410.0,35.28,4924167.0,14409854.0,28.15,2.07,18.04,7.21,0.00 
2109,華豐,4882864.0,6.87,561919.0,4524978.0,12.84,3323492.0,8049717.0,7.2,1.25,43.56,1.33,0.00 
2114,鑫永銓,1596510.0,3.73,523696.0,2525111.0,21.84,709016.0,2916069.0,18.92,1.08,14.47,7.39,0.00 
2115,六暉-KY,2602257.0,4.22,594759.0,2719423.0,22.6,903664.0,4725135.0,13.36,1.24,44.52,6.58,0.00 
2201,裕隆,82597514.0,3.1,4839562.0,64875320.0,7.84,10000000.0,301322746.0,1.61,0.46,81.82,2.8,0.00 
2204,中華,30874600.0,3.73,3540548.0,45706644.0,7.85,5536203.0,54597693.0,6.61,1.0,18.07,6.01,0.00 
2206,三陽工業,40774917.0,21.48,2051856.0,16066789.0,12.89,8030776.0,44018077.0,4.67,1.44,62.94,2.41,0.00 
2208,台船,25296629.0,52.93,1600087.0,5008081.0,30.2,4730555.0,37247566.0,4.39,0.84,81.59,3.38,0.00 
2211,長榮鋼,9349649.0,2197.9027262931036,1404259.0,16797569.0,13.349612068965518,3994260.0,24053202.0,6.0490625,1.251293103448276,46.20329741379311,2.65,0.00 
2227,裕日車,29660638.0,8.73,6540938.0,21674551.0,32.34,3000000.0,27764630.0,23.49,2.01,24.49,21.8,0.00 
2228,劍麟,3423476.0,25.03,98938.0,3681694.0,2.75,757803.0,5494037.0,1.84,1.52,22.55,1.3,0.00 
2231,為升,3340199.0,18.52,250171.0,3568748.0,7.13,1219166.0,7527861.0,3.19,1.0,37.04,2.03,0.00 
2233,宇隆,2538399.0,7.83,359289.0,2839481.0,12.98,602881.0,4281814.0,8.71,1.05,31.08,6.23,0.00 
2236,百達-KY,1181611.0,34.17,27288.0,1298763.0,2.1,457597.0,2263862.0,1.22,1.36,42.66,0.69,0.00 
2239,英利-KY,21644152.0,1.35,825466.0,13445532.0,6.29,1180070.0,32363922.0,2.62,1.27,56.66,4.07,0.00 
2241,艾姆勒,847271.0,2197.9027262931036,6546.0,1678002.0,13.349612068965518,872753.0,2364110.0,6.0490625,1.251293103448276,46.20329741379311,0.08,0.00 
2243,宏旭-KY,757591.0,57.13,284892.0,551109.0,43.62,456685.0,3902206.0,7.78,0.88,75.02,6.23,0.00 
2247,汎德永業,39561996.0,2197.9027262931036,1070976.0,11356644.0,13.349612068965518,807087.0,18549908.0,6.0490625,1.251293103448276,46.20329741379311,14.5,0.00 
2250,IKKA-KY,3623549.0,2197.9027262931036,107544.0,988387.0,13.349612068965518,220000.0,3033070.0,6.0490625,1.251293103448276,46.20329741379311,5.2,0.00 
2301,光寶科,157133623.0,11.71,9829204.0,74141514.0,13.29,23508670.0,176067237.0,5.57,1.65,60.01,4.31,1.00 
2302,麗正,759358.0,52.55,105636.0,1738886.0,6.25,1663029.0,2146524.0,4.86,0.44,17.17,0.64,0.00 
2303,聯電,176820914.0,19.31,27180412.0,235773102.0,11.9,124224015.0,377516375.0,7.29,0.68,44.02,2.42,1.00 
2305,全友,582434.0,14.64,21579.0,2214923.0,0.98,2056608.0,2901120.0,0.75,0.3,23.9,0.08,0.00 
2308,台達電,282605493.0,5.4,27384339.0,178589641.0,15.58,25975433.0,336416215.0,8.24,1.48,43.94,9.81,1.00 
2312,金寶,128219874.0,7.02,240132.0,24987998.0,0.97,14670052.0,99275157.0,0.24,2.44,73.35,0.11,0.00 
2313,華通,60516929.0,7.73,4664701.0,29146571.0,16.45,11918206.0,66395616.0,7.09,1.56,57.95,3.91,0.00 
2314,台揚,3949997.0,31.88,95415.0,2419530.0,3.88,2280283.0,5399783.0,1.84,2.03,47.15,0.42,0.00 
2316,楠梓電,4784973.0,6.2,414059.0,7350506.0,5.71,1827405.0,12572852.0,3.3,0.71,41.32,2.14,0.00 
2317,鴻海,5358023065.0,0.31,114325587.0,1474146409.0,8.03,138629906.0,3674275590.0,3.26,2.66,57.85,7.34,1.00 
2321,東訊,1075547.0,31.29,34701.0,478995.0,7.32,945997.0,1902890.0,1.8,1.23,72.5,0.9,0.00 
2323,中環,9401027.0,33.33,124827.0,19321651.0,0.66,11588812.0,24805009.0,0.5,0.52,23.27,0.1,0.00 
2324,仁寶,1048929251.0,6.99,10409512.0,115989650.0,9.14,44071466.0,466925698.0,2.31,4.23,70.01,2.15,1.00 
2327,國巨,67672108.0,63.86,13003182.0,69499336.0,19.06,4969841.0,183030890.0,7.14,0.7,52.02,27.58,0.00 
2328,廣宇,20547713.0,19.63,790495.0,12788294.0,6.29,5183462.0,20679624.0,3.88,2.08,42.0,1.28,0.00 
2329,華泰,13851909.0,20.92,266123.0,7602768.0,3.99,7372225.0,14483819.0,1.87,1.91,61.89,0.48,0.00 
2330,台積電,1339254811.0,25.17,518158082.0,1850621999.0,28.48,259303805.0,2760711405.0,19.2,0.7,28.38,19.97,1.00 
2331,精英,25995735.0,9.1,65950.0,11086684.0,0.59,5574030.0,23749910.0,0.28,2.08,52.82,0.11,0.00 
2332,友訊,15179443.0,10.71,1310560.0,9740355.0,14.18,6519961.0,15950230.0,8.51,1.84,43.19,1.9,0.00 
2337,旺宏,39800947.0,13.73,5325612.0,36194392.0,15.03,18561864.0,65892218.0,8.29,0.97,46.43,2.9,0.00 
2338,光罩,4666756.0,34.54,486307.0,3416690.0,15.28,2527136.0,9069965.0,6.01,1.07,45.49,3.34,0.00 
2340,光磊,5590046.0,3.18,575129.0,7693326.0,7.7,3786228.0,10641427.0,5.4,0.93,29.48,1.52,0.00 
2342,茂矽,1845652.0,35.95,219533.0,2177973.0,10.46,1561651.0,2962981.0,7.58,0.83,28.82,1.42,0.00 
2344,華邦電,60683171.0,24.42,1519043.0,70592687.0,2.27,39800002.0,126043240.0,1.23,0.83,39.07,0.33,0.00 
2345,智邦,54462872.0,1.7,5048640.0,14483073.0,36.72,5594564.0,31122969.0,16.88,3.45,56.63,9.07,1.00 
2347,聯強,334200976.0,1.66,8538386.0,56850168.0,15.66,16679470.0,159675713.0,5.54,3.97,64.83,4.89,0.00 
2348,海悅,3747452.0,119.21,1431116.0,3358857.0,47.09,967836.0,9208138.0,17.14,0.59,62.71,15.1,0.00 
2349,錸德,6578209.0,15.51,801727.0,10287946.0,7.65,6936797.0,19551669.0,4.03,0.62,46.7,1.29,0.00 
2351,順德,8450611.0,4.47,401381.0,6011354.0,6.77,1821403.0,10575718.0,3.85,1.48,42.56,1.92,0.00 
2352,佳世達,191701702.0,12.94,6366561.0,58963220.0,10.79,19667820.0,170811949.0,3.83,2.19,64.69,2.54,1.00 
2353,宏碁,277112477.0,18.27,6145610.0,61941964.0,10.17,30478538.0,183908672.0,3.46,2.55,62.08,2.01,1.00 
2354,鴻準,104789599.0,4.48,4686123.0,110268755.0,4.45,14144852.0,169109720.0,2.8,1.0,34.01,3.34,1.00 
2355,敬鵬,15313285.0,14.31,45702.0,15306104.0,0.3,3974954.0,22477318.0,0.21,1.36,31.89,0.12,0.00 
2356,英業達,508294198.0,1.46,6572978.0,57890743.0,11.34,35874751.0,214161437.0,2.95,4.37,70.5,2.1,1.00 
2357,華碩,412780439.0,17.49,28386878.0,214641551.0,12.59,7427603.0,396514716.0,6.57,1.76,47.93,35.76,1.00 
2358,廷鑫,1920858.0,5.2,10429.0,1214920.0,0.85,946162.0,3145443.0,0.33,1.13,58.44,0.11,0.00 
2359,所羅門,3527149.0,5.03,30390.0,4869154.0,0.62,1714711.0,6482437.0,0.47,1.06,20.66,0.12,0.00 
2360,致茂,15532543.0,11.67,2380957.0,16388693.0,15.02,4212945.0,28128883.0,8.65,0.92,41.87,5.56,0.00 
2362,藍天,20238946.0,7.67,666944.0,39879138.0,1.69,6697630.0,94266222.0,0.69,0.38,60.36,1.12,0.00 
2363,矽統,160171.0,28.2,300090.0,17507575.0,2.06,6309675.0,17594109.0,2.04,0.05,1.07,0.47,0.00 
2364,倫飛,863359.0,4.18,15432.0,256428.0,6.12,1959324.0,1168651.0,1.32,1.19,77.88,0.11,0.00 
2365,昆盈,1653269.0,2.98,146905.0,3002175.0,4.85,2245285.0,3697542.0,3.91,0.67,14.71,0.64,0.00 
2367,燿華,14386972.0,35.82,1435460.0,9671800.0,14.62,6194072.0,23834297.0,6.08,1.58,54.68,2.32,0.00 
2368,金像電,23398323.0,22.99,2066612.0,9265636.0,22.79,5464879.0,21649496.0,9.33,1.57,65.73,3.82,0.00 
2369,菱生,5457586.0,15.64,163140.0,5133515.0,3.16,3801023.0,7645260.0,2.12,1.0,35.61,0.44,0.00 
2371,大同,31641355.0,10.71,4988030.0,23841188.0,20.13,23395367.0,110555435.0,4.55,0.5,75.92,0.46,0.00 
2373,震旦行,12950974.0,4.81,1558735.0,8924147.0,18.26,2362025.0,18062909.0,8.86,1.4,51.06,6.4,0.00 
2374,佳能,3442017.0,47.78,444902.0,5896458.0,7.5,2823628.0,9131183.0,4.82,1.15,33.42,1.63,0.00 
2375,凱美,4466552.0,1.77,581393.0,7641614.0,7.75,1358442.0,13698167.0,4.31,0.64,40.49,3.42,0.00 
2376,技嘉,84602841.0,36.92,4331235.0,27413122.0,16.34,6356889.0,49429157.0,8.74,2.79,35.42,6.88,1.00 
2377,微星,146502789.0,21.59,7959505.0,35539852.0,23.11,8448562.0,78397515.0,10.34,3.44,48.61,9.42,1.00 
2379,瑞昱,77759470.0,28.01,8793526.0,29468746.0,30.88,5106849.0,78095917.0,11.03,1.42,62.92,17.24,0.00 
2380,虹光,1835372.0,11.64,412653.0,1100865.0,37.63,1794441.0,2697041.0,15.65,1.06,45.17,2.36,0.00 
2382,廣達,1090858851.0,5.95,25390060.0,150292855.0,17.32,38626274.0,663857379.0,3.92,2.87,76.91,6.57,1.00 
2383,台光電,27200786.0,9.32,3694270.0,16755509.0,22.88,3329183.0,27856806.0,13.62,1.72,47.34,11.33,0.00 
2385,群光,95082227.0,2.73,6567771.0,32671682.0,20.62,7394603.0,75441996.0,8.91,2.19,55.36,7.8,0.00 
2387,精元,21179505.0,64.34,1293318.0,8446762.0,15.95,1962980.0,22187577.0,6.04,1.49,53.89,6.39,0.00 
2388,威盛,6502715.0,17.65,4844834.0,10574427.0,67.31,4951858.0,18442050.0,35.31,1.04,57.13,9.57,0.00 
2390,云辰,531099.0,14.52,195323.0,2351289.0,8.41,2140216.0,2928608.0,6.74,0.41,21.19,0.91,0.00 
2392,正崴,89552100.0,8.53,1884368.0,30083888.0,6.36,5123269.0,82262102.0,2.25,2.16,61.47,4.06,1.00 
2393,億光,21637035.0,3.14,1249680.0,17938690.0,7.06,4433931.0,30267150.0,4.22,1.29,39.35,2.79,0.00 
2395,研華,51119408.0,5.62,7302987.0,35046423.0,21.45,7722545.0,50199385.0,14.91,2.05,30.68,9.4,0.00 
2397,友通,8349522.0,18.74,477833.0,5033639.0,9.55,1146889.0,8084004.0,5.91,1.72,38.59,3.54,0.00 
2399,映泰,2104572.0,2.35,145600.0,2149432.0,6.64,1781000.0,2808277.0,5.15,1.29,26.1,0.8,0.00 
2401,凌陽,6414140.0,16.83,618827.0,10019001.0,6.29,5919949.0,12620589.0,5.01,0.48,16.69,0.55,0.00 
2402,毅嘉,5502842.0,11.31,120190.0,5703484.0,2.13,3075366.0,9460234.0,1.33,1.26,30.99,0.4,0.00 
2404,漢唐,35836642.0,49.81,4091332.0,10151518.0,42.14,1905867.0,27048567.0,15.42,1.82,62.15,21.16,0.00 
2405,浩鑫,1744376.0,45.51,62105.0,3398052.0,1.85,3434273.0,3913584.0,1.61,1.3,22.4,0.17,0.00 
2406,國碩,9554735.0,12.78,560980.0,5858681.0,10.1,2859057.0,15674046.0,3.74,1.01,65.16,2.17,0.00 
2408,南亞科,61005514.0,17.94,7686041.0,153812027.0,5.0,30972203.0,165631980.0,4.62,0.55,7.93,2.51,1.00 
2409,友達,270955381.0,0.8,2907427.0,193790365.0,1.55,96242451.0,407270295.0,0.73,1.18,52.73,0.36,1.00 
2412,中華電,207608998.0,0.04,34705543.0,389258457.0,9.03,77574465.0,506377992.0,6.91,0.76,19.07,4.31,1.00 
2413,環科,3801959.0,4.55,13831.0,1589361.0,0.89,1273592.0,4611671.0,0.3,1.33,67.25,0.1,0.00 
2414,精技,21557473.0,13.62,371786.0,3238542.0,11.64,1617358.0,7165650.0,5.02,4.58,55.7,2.25,0.00 
2415,錩新,1964549.0,10.28,87210.0,2080241.0,4.23,800000.0,5590680.0,1.63,0.79,59.56,0.66,0.00 
2417,圓剛,7051145.0,139.77,1617691.0,5719177.0,29.63,1928923.0,7998126.0,20.08,1.06,17.23,6.41,0.00 
2419,仲琦,10278461.0,0.46,402659.0,5582887.0,7.35,3289862.0,12555955.0,3.28,2.07,44.09,0.87,0.00 
2420,新巨,2475359.0,7.61,444452.0,3251623.0,13.92,1526487.0,5568202.0,7.56,0.79,46.87,2.9,0.00 
2421,建準,12781281.0,9.62,851650.0,4594129.0,18.93,2509297.0,10419061.0,8.3,2.21,55.2,3.39,0.00 
2423,固緯,2306140.0,9.62,199070.0,2326668.0,8.69,1450472.0,3688376.0,5.96,1.43,25.06,1.37,0.00 
2424,隴華,17978.0,21.32,141504.0,129127.0,136.82,189670.0,583468.0,30.64,0.07,59.26,7.73,0.00 
2425,承啟,4672310.0,1.53,183413.0,1933668.0,9.76,1014988.0,2911546.0,6.44,3.19,27.77,1.51,0.00 
2426,鼎元,2428616.0,3.62,307901.0,3946162.0,7.86,3006223.0,6208768.0,5.06,0.73,40.28,1.02,0.00 
2427,三商電,3021959.0,0.58,115687.0,2222870.0,5.21,1843145.0,4398765.0,2.66,1.06,51.56,0.63,0.00 
2428,興勤,5920258.0,1.83,1380603.0,7444787.0,19.25,1281127.0,11030660.0,13.06,1.18,25.55,10.81,0.00 
2429,銘旺科,900394.0,7.63,69543.0,314872.0,24.11,397482.0,973199.0,7.68,1.83,66.76,1.63,0.00 
2430,燦坤,19542720.0,3.31,308372.0,4786957.0,6.5,1664688.0,13974028.0,2.22,2.46,64.62,1.85,0.00 
2431,聯昌,2298426.0,22.57,46775.0,1376748.0,3.41,1109270.0,2297477.0,2.06,2.29,40.43,0.42,0.00 
2433,互盛電,4050378.0,6.34,590755.0,4821828.0,12.66,1444960.0,7948046.0,7.51,0.93,40.21,3.93,0.00 
2434,統懋,133723.0,20.13,6266.0,335884.0,2.29,270000.0,552424.0,0.94,0.42,79.47,0.33,0.00 
2436,偉詮電,2619977.0,12.83,341504.0,3187255.0,11.15,1780100.0,4309329.0,7.94,1.06,21.83,1.94,0.00 
2438,翔耀,379424.0,12.1,22168.0,823324.0,2.71,601956.0,948088.0,2.37,0.75,16.21,0.07,0.00 
2439,美律,34444819.0,5.44,1319400.0,12270743.0,11.11,2093332.0,34155348.0,4.03,2.38,49.61,6.39,0.00 
2440,太空梭,2990077.0,8.05,219766.0,1257787.0,17.94,1391173.0,2184414.0,10.44,2.01,55.31,1.58,0.00 
2441,超豐,14701682.0,22.2,2662311.0,17996719.0,15.12,5688459.0,21532124.0,12.71,1.09,14.66,4.68,0.00 
2442,新美齊,5306536.0,7.87,122004.0,3957910.0,2.9,2400593.0,11586578.0,0.92,0.68,66.25,0.6,0.00 
2443,億麗,469729.0,48.72,454870.0,515245.0,76.16,1456870.0,891342.0,45.62,0.71,30.18,3.09,0.00 
2444,兆勁,1774217.0,12.58,94762.0,863289.0,11.0,1055576.0,1866657.0,5.06,1.59,43.84,0.93,0.00 
2449,京元電子,28959304.0,13.39,3637140.0,29326076.0,12.8,12227451.0,61315518.0,5.98,0.81,52.43,2.97,0.00 
2450,神腦,27007073.0,6.44,435915.0,5927120.0,7.46,2582527.0,10175204.0,4.27,4.83,41.78,1.69,0.00 
2451,創見,11446696.0,15.19,1197735.0,18672026.0,6.47,4290617.0,20737622.0,5.86,1.12,8.46,2.79,0.00 
2453,凌群,5757866.0,2.59,166842.0,1894704.0,8.96,1000000.0,4289866.0,3.94,2.3,57.97,1.7,0.00 
2454,聯發科,322145988.0,30.84,41438573.0,375084451.0,11.57,15902755.0,533906327.0,8.09,0.94,31.46,26.01,1.00 
2455,全新,2645003.0,4.51,532588.0,2901719.0,18.83,1849059.0,4318600.0,12.43,1.01,34.77,2.88,0.00 
2456,奇力新,17437999.0,9.88,1543073.0,25599669.0,6.12,2633292.0,42072391.0,3.68,0.68,41.3,5.91,0.00 
2457,飛宏,9243618.0,13.57,154613.0,4744881.0,3.28,3376884.0,10362671.0,1.55,2.0,48.45,0.46,0.00 
2458,義隆,15099690.0,59.15,3193038.0,9273056.0,36.86,3038804.0,14452190.0,23.05,1.48,32.4,11.14,0.00 
2459,敦吉,6364618.0,15.91,502440.0,4859804.0,10.57,1055956.0,8782477.0,5.86,1.57,44.91,4.25,0.00 
2460,建通,3454386.0,0.33,42496.0,2152906.0,1.99,1692000.0,5198002.0,0.82,1.08,60.03,0.25,0.00 
2461,光群雷,5439230.0,4.6,191139.0,3965924.0,5.25,1593246.0,7959490.0,2.51,1.34,52.21,0.96,0.00 
2462,良得電,4526914.0,3.82,123760.0,2597295.0,4.8,1419346.0,4910342.0,2.54,1.71,45.73,0.87,0.00 
2464,盟立,8908665.0,29.2,513384.0,4109162.0,12.71,1955312.0,11208529.0,4.67,2.0,64.49,2.63,0.00 
2465,麗臺,4548266.0,24.96,24782.0,316812.0,8.3,535873.0,1668803.0,1.63,4.52,79.02,0.5,0.00 
2466,冠西電,1245165.0,46.02,6368.0,1640392.0,0.39,1563342.0,4060014.0,0.16,1.06,59.41,0.04,0.00 
2467,志聖,4085806.0,8.07,475245.0,2682492.0,18.46,1492055.0,6750801.0,7.36,1.21,58.66,2.94,0.00 
2468,華經,2160998.0,2.66,38776.0,1138068.0,3.4,699612.0,1952647.0,2.14,1.94,40.34,0.55,0.00 
2471,資通,773691.0,7.09,97961.0,771770.0,12.94,472539.0,1302705.0,7.74,1.02,39.57,2.07,0.00 
2472,立隆電,7822322.0,11.17,976185.0,7403640.0,14.16,1532635.0,11565215.0,8.59,1.17,46.0,5.13,0.00 
2474,可成,82506032.0,9.96,21166068.0,158071602.0,14.03,7616181.0,255903195.0,8.47,0.61,38.88,27.65,1.00 
2476,鉅祥,4779614.0,4.31,356967.0,5328057.0,6.85,1849683.0,8278321.0,4.39,1.12,33.02,1.55,0.00 
2477,美隆電,3053333.0,21.08,176048.0,3347399.0,5.3,1982165.0,9773644.0,2.14,1.08,43.85,0.92,0.00 
2478,大毅,5394839.0,19.81,670135.0,5873989.0,11.63,1447423.0,9155867.0,7.48,1.01,31.24,4.7,0.00 
2480,敦陽科,5542811.0,0.39,497618.0,2829012.0,18.04,1063603.0,5743047.0,9.27,1.94,45.29,4.68,0.00 
2481,強茂,10485100.0,14.67,900541.0,7246732.0,12.89,3328149.0,17758018.0,5.18,1.01,58.67,2.7,0.00 
2482,連宇,815658.0,17.35,30775.0,729516.0,4.17,620725.0,1138866.0,2.62,1.47,35.02,0.5,0.00 
2483,百容,1780115.0,1.01,84148.0,2381380.0,3.55,1090938.0,3887911.0,2.19,0.86,34.92,0.76,0.00 
2484,希華,2590872.0,12.74,161803.0,3139580.0,5.28,1594210.0,4599558.0,3.63,1.02,25.24,1.02,0.00 
2485,兆赫,7937362.0,2.03,156171.0,6465638.0,2.4,3176890.0,8687467.0,1.78,1.62,21.25,0.48,0.00 
2486,一詮,4197470.0,14.45,156591.0,2902582.0,5.42,2019586.0,6073693.0,2.6,1.07,49.08,0.75,0.00 
2488,漢平,1937736.0,23.64,182405.0,2083808.0,8.87,799994.0,3345591.0,5.45,1.42,31.81,2.27,0.00 
2489,瑞軒,16747887.0,10.42,569570.0,12536616.0,4.64,8093620.0,19108191.0,3.04,1.53,30.14,0.68,0.00 
2491,吉祥全,400282.0,23.3,214761.0,1997140.0,11.48,820080.0,2172244.0,10.4,0.28,11.12,1.5,0.00 
2492,華新科,35599249.0,18.7,7217645.0,45654194.0,16.45,4858043.0,82080495.0,9.09,0.9,39.25,13.66,0.00 
2493,揚博,2600664.0,4.71,308769.0,2354005.0,13.27,1144373.0,3649044.0,8.62,1.32,30.24,2.7,0.00 
2495,普安,1130547.0,17.9,65419.0,3964347.0,1.65,2735515.0,5119151.0,1.3,0.45,19.26,0.24,0.00 
2496,卓越,776397.0,11.77,62913.0,811447.0,7.8,191854.0,1263503.0,5.1,1.04,46.82,3.3,0.00 
2497,怡利電,1633351.0,25.82,81921.0,1339373.0,6.17,1187985.0,2858424.0,2.89,1.37,49.5,0.69,0.00 
2498,宏達電,5805708.0,42.03,6022598.0,29953576.0,19.76,8186444.0,45066337.0,13.25,0.33,33.64,7.27,0.00 
2501,國建,13973611.0,20.42,1516787.0,25399128.0,6.17,11595611.0,59496928.0,2.55,0.34,54.44,1.28,0.00 
2504,國產,18877800.0,0.5,2550807.0,21330376.0,12.2,11800000.0,34728910.0,7.38,0.89,42.03,1.9,0.00 
2505,國揚,14277915.0,642.47,4943067.0,9290594.0,46.38,3800000.0,20309086.0,24.25,0.17,55.75,7.58,0.00 
2506,太設,2949552.0,249.35,34394.0,8617130.0,0.4,3870000.0,14497631.0,0.23,0.0,46.15,0.15,0.00 
2509,全坤建,1338077.0,22.7,231789.0,4854325.0,4.85,2245505.0,7847882.0,2.93,0.37,44.09,1.03,0.00 
2511,太子,11963426.0,2.67,729513.0,24425362.0,3.03,16233261.0,52165414.0,1.4,0.38,55.89,0.49,0.00 
2514,龍邦,10776324.0,14.98,1128337.0,9533970.0,12.61,3947293.0,24230420.0,4.91,0.78,54.16,3.05,0.00 
2515,中工,13470962.0,6.99,598847.0,20415542.0,2.97,15308998.0,42108717.0,1.41,0.51,53.67,0.4,0.00 
2516,新建,6303705.0,13.87,704543.0,1723117.0,39.9,2262785.0,5929825.0,11.77,1.55,67.96,3.11,0.00 
2520,冠德,27345405.0,77.29,3905137.0,17365557.0,24.16,5037910.0,57377041.0,6.71,0.44,74.18,6.8,0.00 
2524,京城,8667849.0,44.7,1684892.0,14662215.0,11.67,3711931.0,32379214.0,5.23,0.27,62.78,4.48,0.00 
2527,宏璟,3471930.0,46.03,373736.0,8303902.0,4.83,2703060.0,17057882.0,2.23,0.65,52.86,1.49,0.00 
2528,皇普,1174984.0,86232.4,210459.0,3742191.0,6.46,3299974.0,12289613.0,1.75,0.0,66.44,0.73,0.00 
2530,華建,87377.0,759.16,95668.0,6400558.0,1.98,5207525.0,8630866.0,1.37,0.0,34.53,0.32,0.00 
2534,宏盛,2771905.0,53.13,610066.0,13023505.0,4.74,4742280.0,33823686.0,1.8,0.2,53.12,1.12,0.00 
2535,達欣工,15108083.0,40.49,1121231.0,8363767.0,13.69,3339707.0,19785874.0,5.79,1.09,56.95,3.74,0.00 
2536,宏普,3977450.0,37.82,612668.0,12176754.0,5.05,3328087.0,23585966.0,2.65,0.26,39.6,1.84,0.00 
2537,聯上發,1476336.0,87.19,176390.0,4032863.0,4.35,3005579.0,12242157.0,1.5,0.18,56.34,0.59,0.00 
2538,基泰,506739.0,191.52,125610.0,6684526.0,1.87,4384488.0,20817742.0,0.61,0.02,64.73,0.32,0.00 
2539,櫻花建,4616492.0,37.88,822140.0,7767161.0,10.95,5589173.0,18142845.0,4.57,0.72,47.02,1.48,0.00 
2540,愛山林,4778150.0,116.04,906148.0,5270479.0,17.79,1466000.0,15800823.0,5.84,0.3,65.67,6.18,0.00 
2542,興富發,24463018.0,2.79,2823254.0,35800518.0,7.97,12902969.0,180807358.0,1.62,0.28,76.7,2.11,0.00 
2543,皇昌,6406216.0,12.45,51668.0,2171706.0,2.39,2419837.0,8093466.0,0.65,1.28,72.07,0.15,0.00 
2545,皇翔,6456420.0,102.23,1746646.0,11424761.0,15.61,3277348.0,41530427.0,4.25,0.13,74.97,5.33,0.00 
2546,根基,14130629.0,23.29,626444.0,3069278.0,20.84,1060357.0,9433656.0,6.68,2.4,66.88,5.91,0.00 
2547,日勝生,6772332.0,7.51,667285.0,12237575.0,5.54,9000946.0,56793796.0,1.18,0.2,78.09,0.69,0.00 
2548,華固,11338494.0,42.79,2772769.0,17527537.0,16.08,2768127.0,36197744.0,7.75,0.99,53.49,10.05,0.00 
2597,潤弘,14468066.0,24.19,1089458.0,5705094.0,20.3,1350000.0,12048273.0,9.24,1.86,52.56,7.48,0.00 
2601,益航,6441828.0,20.26,321142.0,12111345.0,2.68,6867627.0,36403562.0,0.91,0.37,65.35,0.42,0.00 
2603,長榮,207077912.0,9.0,28767310.0,101494293.0,30.85,48980353.0,334220840.0,8.74,1.08,76.0,5.06,0.00 
2605,新興,3985650.0,3.96,255092.0,15638425.0,1.93,5853533.0,21145563.0,1.42,0.3,28.32,0.24,0.00 
2606,裕民,8507364.0,15.41,878425.0,23175494.0,3.81,8450557.0,60642487.0,1.46,0.27,56.88,1.04,0.00 
2607,榮運,6966387.0,9.89,682563.0,23349617.0,2.98,10671411.0,35071774.0,1.98,0.39,34.81,0.64,0.00 
2608,嘉里大榮,12344210.0,4.12,1570394.0,10822703.0,14.78,4670005.0,21668904.0,7.32,0.96,53.47,3.21,0.00 
2609,陽明,151276683.0,1.76,12186788.0,36334852.0,43.22,31676622.0,194975985.0,6.27,1.36,91.06,4.51,1.00 
2610,華航,115250550.0,31.42,279814.0,60711573.0,0.47,54209846.0,284194084.0,0.1,1.0,79.48,0.03,1.00 
2611,志信,605824.0,32.61,60982.0,2723969.0,2.39,1729942.0,4527959.0,1.39,0.33,42.5,0.1,0.00 
2612,中航,3131115.0,16.7,329039.0,9749934.0,3.37,1974846.0,19483837.0,1.68,0.33,50.22,1.67,0.00 
2613,中櫃,2830493.0,1.68,30773.0,3075903.0,1.01,1484235.0,11171202.0,0.27,0.43,73.86,0.23,0.00 
2614,東森,4728014.0,44.31,493106.0,6745523.0,7.39,5567899.0,16223474.0,3.08,0.0,56.73,0.94,0.00 
2615,萬海,81880182.0,12.77,11357488.0,44172342.0,27.92,22182975.0,108597618.0,11.25,1.48,58.51,5.1,1.00 
2616,山隆,15955500.0,11.43,379889.0,5275744.0,7.44,1372818.0,10042999.0,3.89,3.5,52.99,2.73,0.00 
2617,台航,2491088.0,20.0,518147.0,10783235.0,4.97,4172945.0,16725364.0,3.14,0.36,32.24,1.24,0.00 
2618,長榮航,89048776.0,50.88,3276719.0,76659529.0,4.33,48535695.0,329567255.0,0.99,0.87,78.07,0.69,1.00 
2630,亞航,3895091.0,0.47,42388.0,1636391.0,2.6,1311710.0,4385347.0,0.93,1.47,64.72,0.32,0.00 
2633,台灣高鐵,39137205.0,17.62,5843037.0,70086656.0,8.49,56282930.0,427566970.0,1.37,0.19,83.96,1.04,0.00 
2634,漢翔,21042937.0,26.27,395858.0,13964272.0,2.85,9418671.0,44024300.0,0.89,1.07,68.05,0.42,0.00 
2636,台驊投控,15160243.0,34.18,570727.0,3302990.0,18.97,1257683.0,7714362.0,7.9,3.25,57.8,4.72,0.00 
2637,慧洋-KY,11939433.0,13.69,111414.0,26496236.0,0.41,7464092.0,82411595.0,0.13,0.27,66.28,0.15,0.00 
2642,宅配通,3983309.0,7.29,209015.0,1984272.0,10.54,954670.0,3840407.0,5.48,1.79,51.69,2.19,0.00 
2701,萬企,264691.0,24.06,174120.0,7532290.0,2.34,4499678.0,8780124.0,1.99,0.07,13.83,0.39,0.00 
2702,華園,741703.0,51.02,270309.0,961951.0,25.93,1104856.0,7032760.0,3.75,0.34,83.14,2.45,0.00 
2704,國賓,2008699.0,31.11,3255.0,11179079.0,0.03,3669234.0,13296294.0,0.03,0.42,12.29,0.01,0.00 
2705,六福,1490520.0,28.86,374392.0,1248372.0,30.09,1865366.0,11518462.0,3.3,0.32,86.52,2.01,0.00 
2706,第一店,264866.0,23.61,160741.0,9027059.0,1.8,4999984.0,10492529.0,1.53,0.06,13.49,0.32,0.00 
2707,晶華,5422910.0,17.02,732868.0,3650028.0,20.66,1274020.0,10954349.0,6.77,0.99,68.6,5.18,0.00 
2712,遠雄來,573115.0,34.77,97370.0,1281367.0,7.65,1050000.0,1501862.0,6.57,0.52,20.59,0.93,0.00 
2722,夏都,736669.0,2.18,85030.0,1972824.0,4.38,1115229.0,2570800.0,3.32,0.53,27.07,0.79,0.00 
2723,美食-KY,19679455.0,15.23,998224.0,10671014.0,9.56,1800000.0,22177263.0,4.49,1.8,54.82,5.64,0.00 
2727,王品,15233747.0,6.29,255926.0,4097512.0,6.31,769879.0,13286194.0,2.0,2.25,65.99,4.61,0.00 
2731,雄獅,6545177.0,78.3,415013.0,1714847.0,23.98,700000.0,6035251.0,6.45,5.9,74.25,5.9,0.00 
2739,寒舍,2806550.0,37.36,351467.0,1504949.0,23.12,1115260.0,14661296.0,2.42,0.5,87.96,3.15,0.00 
2748,雲品,1833643.0,22.98,108891.0,1320124.0,8.49,754826.0,4243026.0,2.57,0.93,70.93,1.44,0.00 
2841,台開,334804.0,14.61,1829001.0,17965226.0,9.98,7609436.0,36156140.0,5.0,0.02,47.46,2.41,0.00 
2901,欣欣,108989.0,20.82,14087.0,860592.0,1.64,730433.0,988692.0,1.43,0.24,12.08,0.19,0.00 
2903,遠百,37287949.0,1.68,2544897.0,39788288.0,6.5,14169406.0,128423769.0,2.02,0.5,70.19,1.38,0.00 
2904,匯僑,540837.0,7.05,159718.0,1038438.0,15.68,690344.0,1638028.0,9.86,0.62,29.58,2.31,0.00 
2906,高林,6607185.0,8.88,209254.0,5391093.0,3.95,2091111.0,9153615.0,2.29,1.05,30.92,0.15,0.00 
2908,特力,41790703.0,9.83,806869.0,6783981.0,12.02,5098875.0,37661698.0,2.15,1.87,81.96,1.6,0.00 
2910,統領,554440.0,14.72,114159.0,2363033.0,4.89,2087250.0,6259675.0,1.83,0.17,62.29,0.65,0.00 
2911,麗嬰房,4025561.0,20.2,317238.0,2184059.0,14.49,1846778.0,4860348.0,6.42,1.51,53.18,1.72,0.00 
2912,統一超,258494907.0,1.0,11340258.0,44977699.0,25.8,10396223.0,209493934.0,5.52,2.36,76.82,9.85,1.00 
2913,農林,311765.0,4.27,17351.0,15792190.0,0.11,7900000.0,25098488.0,0.07,0.02,35.91,0.02,0.00 
2915,潤泰全,2736394.0,21.51,8091349.0,115606494.0,7.6,5648606.0,153672049.0,5.59,0.05,28.91,14.85,0.00 
2923,鼎固-KY,13419916.0,133.91,1177355.0,54151689.0,2.23,17402970.0,116503422.0,0.99,0.08,55.64,0.68,0.00 
2929,淘帝-KY,2808383.0,61.37,2221499.0,3489770.0,57.56,1094938.0,5801578.0,37.67,1.5,29.82,20.31,0.00 
2936,客思達-KY,10314597.0,12.16,246332.0,2644393.0,9.37,765557.0,5392630.0,4.51,3.14,57.94,3.24,0.00 
2939,凱羿-KY,1837782.0,18.25,3114.0,1058501.0,0.3,455487.0,1417328.0,0.21,2.23,19.91,0.2,0.00 
3002,歐格,818717.0,19.66,51031.0,1377021.0,3.72,1020000.0,1898011.0,2.69,0.61,26.7,0.57,0.00 
3003,健和興,3382931.0,3.45,366958.0,4871184.0,7.65,1556549.0,6914031.0,5.45,0.95,29.48,2.32,0.00 
3004,豐達科,1704031.0,39.49,59832.0,1873149.0,3.19,526472.0,4390290.0,1.34,0.99,61.56,1.14,0.00 
3005,神基,27837743.0,3.28,2668793.0,17993295.0,15.27,5892477.0,33854933.0,8.24,1.57,45.53,4.4,0.00 
3006,晶豪科,15267139.0,27.4,1084441.0,8129283.0,13.54,2857589.0,13000348.0,8.52,2.03,29.96,3.85,0.00 
3008,大立光,55944489.0,7.9,24534131.0,140802158.0,17.87,1341402.0,171276230.0,14.75,0.7,17.83,182.9,1.00 
3010,華立,59080920.0,8.04,2046116.0,14908460.0,14.17,2313901.0,38754969.0,5.49,2.78,61.39,8.03,0.00 
3011,今皓,1320863.0,2.16,90140.0,959398.0,9.29,1127192.0,1824918.0,5.01,1.31,40.8,0.8,0.00 
3013,晟銘電,6124518.0,1.65,80176.0,2460356.0,3.26,1559350.0,4964039.0,1.66,2.17,49.21,0.4,0.00 
3014,聯陽,4817829.0,31.46,935476.0,4809398.0,20.45,1610801.0,6487655.0,15.22,1.22,24.67,5.83,0.00 
3015,全漢,14796460.0,3.82,692075.0,11492660.0,6.24,1872620.0,18448479.0,3.82,1.6,42.28,3.55,0.00 
3016,嘉晶,4039180.0,4.79,25693.0,4045539.0,0.64,2796356.0,5965564.0,0.43,1.14,36.57,0.09,0.00 
3017,奇鋐,39665534.0,8.57,2074700.0,11288338.0,19.14,3533101.0,40676236.0,5.24,1.87,73.75,5.42,0.00 
3018,同開,1633103.0,51.91,67479.0,517849.0,12.63,731471.0,1721909.0,4.31,1.2,60.6,0.8,0.00 
3019,亞光,15760061.0,13.01,608006.0,14959469.0,4.07,2810839.0,20162647.0,3.03,1.58,21.32,1.41,0.00 
3021,鴻名,2717038.0,8.06,95988.0,1255021.0,7.72,940000.0,2715993.0,3.64,1.84,49.83,1.03,0.00 
3022,威強電,5947577.0,6.08,996362.0,7594686.0,13.47,1765978.0,10849879.0,9.51,1.04,28.42,5.64,0.00 
3023,信邦,21797542.0,20.62,2183500.0,9768133.0,23.94,2327775.0,23683043.0,9.82,1.93,54.63,9.08,0.00 
3024,憶聲,1280877.0,5.08,43498.0,2614224.0,1.41,2771575.0,3709704.0,0.99,0.63,29.85,0.17,0.00 
3025,星通,598096.0,9.82,78648.0,845598.0,9.43,709206.0,1072143.0,7.5,0.92,20.29,1.11,0.00 
3026,禾伸堂,14830428.0,1.54,1229790.0,9543806.0,12.9,1579908.0,14629920.0,8.59,1.85,31.9,8.31,0.00 
3027,盛達,849824.0,36.6,34861.0,1483020.0,2.34,988563.0,2448657.0,1.44,0.52,32.09,0.32,0.00 
3028,增你強,34401169.0,27.51,472025.0,4801558.0,9.91,2138249.0,19290177.0,2.63,3.29,69.03,2.21,0.00 
3029,零壹,9834318.0,10.31,440398.0,2669412.0,16.89,1256402.0,5471676.0,8.58,3.07,53.57,3.55,0.00 
3030,德律,4950695.0,12.85,1092656.0,5702194.0,19.42,2362160.0,6997303.0,15.66,1.17,18.06,4.63,0.00 
3031,佰鴻,1375687.0,22.21,133115.0,2819564.0,4.88,1816742.0,3480064.0,4.0,0.87,19.43,0.74,0.00 
3032,偉訓,9233174.0,19.33,559643.0,3647865.0,15.71,1132856.0,9478533.0,5.99,1.63,56.35,4.21,0.00 
3033,威健,58413402.0,21.13,699309.0,6074078.0,11.69,3677513.0,22853830.0,3.07,3.64,75.77,1.9,0.00 
3034,聯詠,79955520.0,24.21,11817239.0,39943203.0,31.34,6085115.0,58100689.0,21.68,2.37,29.43,19.42,1.00 
3035,智原,5495307.0,3.62,255997.0,6340994.0,4.27,2485503.0,8199156.0,3.2,1.22,31.67,1.08,0.00 
3036,文曄,353152195.0,5.36,3794576.0,46116381.0,8.95,9232317.0,131009598.0,3.06,5.62,76.84,5.22,1.00 
3037,欣興,87892821.0,6.49,5317528.0,53100558.0,10.27,15047323.0,124710224.0,4.38,1.29,56.12,3.74,1.00 
3038,全台,3737299.0,9.01,232996.0,1980565.0,11.93,1624076.0,3609189.0,6.22,1.97,46.33,1.57,0.00 
3040,遠見,154852.0,23.14,399236.0,1677766.0,24.51,630000.0,1801374.0,22.82,0.24,10.45,6.34,0.00 
3041,揚智,2071615.0,2.99,240957.0,3099079.0,7.72,1945399.0,3804273.0,6.38,0.87,16.36,1.26,0.00 
3042,晶技,11048392.0,31.05,1429287.0,9655006.0,15.36,3097570.0,16601711.0,8.82,1.09,34.94,4.61,0.00 
3043,科風,1039271.0,14.14,46614.0,70775.0,53.69,1948781.0,1125815.0,4.04,1.67,91.17,0.25,0.00 
3044,健鼎,55547908.0,2.01,6125394.0,36060429.0,17.4,5256059.0,75249230.0,8.29,1.36,52.31,11.65,0.00 
3045,台灣大,132860984.0,6.78,12393778.0,71990212.0,17.5,35124215.0,184584602.0,6.79,1.37,51.81,4.01,1.00 
3046,建碁,1756214.0,1.81,65391.0,601318.0,11.26,714480.0,1597659.0,4.19,2.04,57.99,0.93,0.00 
3047,訊舟,6313382.0,15.21,227249.0,3046296.0,7.49,1892408.0,7612291.0,2.96,1.45,61.36,0.56,0.00 
3048,益登,108522967.0,12.02,697196.0,3720673.0,19.21,2225726.0,23332781.0,3.21,8.14,81.85,3.13,1.00 
3049,和鑫,3086399.0,29.89,359746.0,9710688.0,3.75,8069485.0,17429473.0,2.15,0.44,43.43,0.43,0.00 
3050,鈺德,964940.0,5.46,140564.0,2619210.0,5.35,1459845.0,5485991.0,2.55,0.32,52.38,0.8,0.00 
3051,力特,2417836.0,4.39,16464.0,1245363.0,1.34,3253324.0,8807966.0,0.19,0.49,86.23,0.05,0.00 
3052,夆典,5217591.0,7.22,322455.0,3141092.0,10.26,2287135.0,7556282.0,4.34,0.69,63.37,1.59,0.00 
3054,立萬利,276879.0,113.34,13613.0,936031.0,1.44,878480.0,1003351.0,1.35,0.2,14.83,0.16,0.00 
3055,蔚華科,3700321.0,27.12,36086.0,2360567.0,1.53,1024419.0,6177513.0,0.65,1.04,50.21,0.48,0.00 
3056,總太,4684643.0,25.18,1024587.0,5215019.0,21.33,2103341.0,17727722.0,5.66,0.55,66.17,4.9,0.00 
3057,喬鼎,963405.0,22.65,47715.0,815365.0,5.71,880868.0,1566230.0,2.94,1.1,54.57,0.69,0.00 
3058,立德,4163616.0,7.94,121984.0,1871341.0,6.45,1619374.0,5114852.0,2.44,1.64,57.85,0.76,0.00 
3059,華晶科,6102675.0,1.4,161508.0,9023853.0,1.8,2794973.0,14718146.0,1.11,0.77,34.57,0.6,0.00 
3060,銘異,3889506.0,28.03,281631.0,2886807.0,9.66,1375632.0,4671659.0,5.99,1.7,40.48,1.85,0.00 
3062,建漢,4834151.0,15.4,23575.0,5393762.0,0.44,3286054.0,8024343.0,0.29,1.27,31.56,0.07,0.00 
3090,日電貿,9241488.0,4.78,627543.0,4515870.0,14.55,1786572.0,7801323.0,8.36,2.08,39.5,3.36,0.00 
3092,鴻碩,2651387.0,2197.9027262931036,127301.0,1694256.0,13.349612068965518,832810.0,4241380.0,6.0490625,1.251293103448276,46.20329741379311,1.58,0.00 
3094,聯傑,233542.0,3.71,33436.0,1043786.0,3.21,846321.0,1160407.0,2.9,0.34,10.48,0.41,0.00 
3130,一零四,1634481.0,0.12,256170.0,1465739.0,17.88,331907.0,2657524.0,9.96,1.15,42.02,7.8,0.00 
3138,耀登,1121773.0,2197.9027262931036,111752.0,1157790.0,13.349612068965518,466957.0,1817239.0,6.0490625,1.251293103448276,46.20329741379311,2.63,0.00 
3149,正達,2448536.0,14.57,293123.0,1537293.0,20.83,2063936.0,4047291.0,7.52,1.27,60.94,1.42,0.00 
3164,景岳,325191.0,6.08,60215.0,1481872.0,4.1,863414.0,1612823.0,3.77,0.38,7.83,0.69,0.00 
3167,大量,2427607.0,24.96,415518.0,2082436.0,21.66,801341.0,5495311.0,8.33,0.85,55.06,5.23,0.00 
3189,景碩,27098474.0,21.37,929443.0,29189559.0,3.2,4508625.0,42783952.0,2.19,0.92,30.85,1.21,0.00 
3209,全科,41948823.0,6.03,451051.0,3435870.0,13.44,1891813.0,12585068.0,3.37,5.79,73.2,2.51,0.00 
3229,晟鈦,390868.0,30.74,230284.0,349997.0,57.09,935159.0,644483.0,33.38,1.03,34.16,2.27,0.00 
3231,緯創,845011844.0,3.79,12907896.0,83926079.0,15.64,28406121.0,428822445.0,3.25,4.36,75.62,3.1,1.00 
3257,虹冠電,1071450.0,55.82,239751.0,1560602.0,15.81,727390.0,1794488.0,13.71,0.72,7.88,3.34,0.00 
3266,昇陽,3216269.0,63.34,143161.0,5632218.0,2.54,3523143.0,11328094.0,1.26,0.32,48.95,0.4,0.00 
3296,勝德,2511738.0,10.7,22475.0,1466532.0,2.79,967244.0,2462120.0,1.69,2.17,31.99,0.23,0.00 
3305,昇貿,5280588.0,1.24,178533.0,3671295.0,4.95,1182653.0,6633285.0,2.7,1.43,43.98,1.51,0.00 
3308,聯德,329881.0,45.41,87435.0,698998.0,12.25,985696.0,1525201.0,5.68,0.61,53.48,0.89,0.00 
3311,閎暉,1734002.0,24.47,366258.0,2092028.0,17.55,600000.0,2879759.0,13.06,1.19,24.64,6.1,0.00 
3312,弘憶股,13678646.0,7.67,197574.0,1487677.0,13.58,1251140.0,5517181.0,3.73,4.6,70.35,1.58,0.00 
3321,同泰,1858643.0,18.47,272816.0,939655.0,34.3,1561448.0,2349020.0,11.41,1.46,68.65,2.15,0.00 
3338,泰碩,5257058.0,12.59,225236.0,1687167.0,13.64,878283.0,4388662.0,4.99,1.9,62.94,2.58,0.00 
3346,麗清,4345852.0,5.61,12315.0,1816821.0,0.76,845309.0,5506040.0,0.24,1.5,70.02,0.16,0.00 
3356,奇偶,1157285.0,16.22,161277.0,1759768.0,9.37,898257.0,2464853.0,6.5,0.82,42.96,1.78,0.00 
3376,新日興,15232783.0,28.89,1672971.0,15720043.0,10.87,1920263.0,22410520.0,7.61,1.05,31.14,9.05,0.00 
3380,明泰,32170649.0,103.28,725103.0,12738331.0,5.78,5417185.0,27005583.0,2.71,1.37,43.81,1.03,0.00 
3383,新世紀,551501.0,25.92,284890.0,200592.0,136.42,700000.0,2975956.0,9.54,0.38,85.4,4.07,0.00 
3406,玉晶光,15900157.0,32.01,3041011.0,15796741.0,20.0,1116675.0,26168613.0,12.05,1.06,35.44,27.42,0.00 
3413,京鼎,9942056.0,36.08,1242002.0,5518186.0,23.68,829073.0,11497522.0,12.33,1.56,47.93,14.91,0.00 
3416,融程電,1845525.0,10.82,256062.0,2202109.0,11.81,724660.0,2765243.0,9.51,1.14,13.12,3.55,0.00 
3419,譁裕,1426967.0,13.77,72526.0,1523141.0,2.26,1204804.0,2352980.0,1.36,0.69,36.7,0.61,0.00 
3432,台端,31533.0,40.79,32558.0,1530434.0,2.15,665860.0,1754412.0,1.86,0.05,24.3,0.49,0.00 
3437,榮創,5478884.0,35.43,110627.0,2639785.0,4.23,1445480.0,4623760.0,2.31,1.6,39.39,0.77,0.00 
3443,創意,13569441.0,26.7,850007.0,4486984.0,20.32,1340119.0,9745812.0,9.46,2.23,48.29,6.34,0.00 
3450,聯鈞,6208576.0,7.96,571224.0,5812015.0,9.93,1456814.0,8307017.0,6.98,1.28,28.13,1.65,0.00 
3454,晶睿,5544433.0,15.66,221507.0,2899548.0,7.69,869574.0,4747190.0,4.81,1.39,37.04,2.9,0.00 
3481,群創,269911051.0,7.12,1639824.0,237567046.0,0.71,99404332.0,379559837.0,0.44,1.16,37.23,0.17,1.00 
3494,誠研,488725.0,50.42,743751.0,1287168.0,57.53,1794506.0,2439430.0,29.01,0.48,48.17,2.44,0.00 
3501,維熹,4660963.0,4.13,424076.0,5931655.0,7.23,1182579.0,7842226.0,5.53,1.11,24.56,3.59,0.00 
3504,揚明光,3905582.0,18.97,236216.0,3181762.0,7.37,1140598.0,5516024.0,4.14,1.33,44.81,2.07,0.00 
3515,華擎,17911584.0,33.52,1508583.0,7308436.0,21.05,1206424.0,11715811.0,12.58,2.24,37.13,11.3,0.00 
3518,柏騰,684598.0,25.17,55940.0,1379768.0,4.09,807522.0,2194268.0,2.58,0.44,32.6,0.71,0.00 
3528,安馳,4973228.0,20.75,208922.0,1514646.0,14.09,656160.0,3308066.0,6.09,2.13,55.14,3.18,0.00 
3530,晶相光,3328695.0,45.1,281438.0,2205742.0,13.15,781059.0,3012018.0,9.6,1.58,14.63,3.65,0.00 
3532,台勝科,11934697.0,2.57,1307911.0,20346028.0,6.48,3878483.0,23101308.0,5.78,0.9,10.61,3.37,0.00 
3533,嘉澤,17291332.0,14.48,2835589.0,14479559.0,20.17,1034779.0,19282895.0,14.73,1.63,22.94,26.41,0.00 
3535,晶彩科,1141503.0,35.36,101773.0,874711.0,11.08,790523.0,2381203.0,4.35,1.5,53.67,1.29,0.00 
3536,誠創,532536.0,52.65,128547.0,228556.0,52.74,1068000.0,1431897.0,9.06,1.23,75.47,1.09,0.00 
3543,州巧,3120452.0,2197.9027262931036,386391.0,2943763.0,13.349612068965518,892631.0,5801999.0,6.0490625,1.251293103448276,46.20329741379311,4.5,0.00 
3545,敦泰,13800348.0,50.65,983458.0,7811460.0,13.05,2103532.0,12345053.0,8.1,1.38,33.39,3.97,0.00 
3550,聯穎,3597629.0,1.94,81408.0,1914591.0,4.37,850000.0,4105144.0,2.04,1.57,52.94,0.94,0.00 
3557,嘉威,4428573.0,166.75,723887.0,1598890.0,46.35,723004.0,4500811.0,17.14,0.5,77.35,10.01,0.00 
3563,牧德,2397855.0,5.64,654515.0,2607730.0,25.69,447282.0,3709287.0,17.68,1.54,32.89,15.02,0.00 
3576,聯合再生,12511034.0,31.03,6162307.0,15024114.0,35.43,26650863.0,32460701.0,17.17,0.64,54.51,2.31,0.00 
3583,辛耘,3580003.0,9.35,305463.0,2846170.0,11.1,811390.0,4792610.0,6.71,1.95,27.81,3.8,0.00 
3588,通嘉,1446599.0,37.98,60508.0,1328964.0,4.61,477742.0,1613343.0,3.76,1.19,14.82,1.3,0.00 
3591,艾笛森,1901238.0,16.43,32823.0,2653662.0,1.26,1225564.0,3764253.0,0.9,1.13,24.79,0.35,0.00 
3593,力銘,689786.0,33.54,74849.0,609560.0,14.21,930425.0,1174116.0,6.25,0.87,58.71,0.9,0.00 
3596,智易,33765295.0,2.64,1630605.0,11961996.0,13.9,2084095.0,28807226.0,5.75,2.28,55.58,8.36,0.00 
3605,宏致,8062865.0,10.27,259946.0,4564150.0,5.76,1223959.0,10295137.0,2.54,1.36,53.53,2.26,0.00 
3607,谷崧,3322590.0,23.74,424474.0,2737008.0,15.5,1216622.0,4566353.0,9.62,1.43,35.02,3.32,0.00 
3617,碩天,9141450.0,2.3,472882.0,4566559.0,10.51,809510.0,10594619.0,4.48,1.57,56.97,5.72,0.00 
3622,洋華,926478.0,1.47,201508.0,4682321.0,4.42,1513276.0,5214945.0,4.0,0.29,8.79,1.24,0.00 
3645,達邁,2013861.0,14.39,349105.0,2785778.0,12.73,1307017.0,5080528.0,6.91,0.65,49.22,2.76,0.00 
3653,健策,6845497.0,24.72,847376.0,6859866.0,12.66,1210254.0,10924255.0,8.26,1.32,19.64,7.17,0.00 
3661,世芯-KY,7078919.0,63.49,834917.0,3888242.0,22.01,620285.0,9112980.0,9.45,1.46,36.81,13.61,0.00 
3665,貿聯-KY,22537767.0,2.33,1820296.0,13277525.0,14.17,1305694.0,22717189.0,8.34,1.89,48.96,14.01,0.00 
3669,圓展,4068221.0,89.9,788197.0,3199475.0,25.6,929200.0,4679185.0,16.65,1.24,19.69,8.48,0.00 
3673,TPK-KY,114583199.0,16.12,1034373.0,36805481.0,2.84,4066638.0,83621028.0,1.19,2.57,57.69,2.54,0.00 
3679,新至陞,4808261.0,21.51,721362.0,4457246.0,16.72,627455.0,8617493.0,8.65,0.87,49.32,11.57,0.00 
3682,亞太電,13587443.0,4.62,5819980.0,29739972.0,19.09,38171964.0,39676647.0,14.58,0.58,21.85,1.53,0.00 
3686,達能,104515.0,27.63,150964.0,785483.0,5.25,1135136.0,1085525.0,3.84,0.17,26.07,1.33,0.00 
3694,海華,9591767.0,24.78,304098.0,1831981.0,16.72,1504418.0,5931379.0,5.04,2.65,67.66,2.02,0.00 
3701,大眾控,7404268.0,4.57,12689.0,3663885.0,0.35,1903446.0,7688189.0,0.17,1.77,48.23,0.21,0.00 
3702,大聯大,609885871.0,15.66,8200504.0,66003018.0,12.6,18790568.0,233977113.0,3.5,4.05,72.23,4.77,0.00 
3703,欣陸,21688649.0,4.31,1632937.0,26920360.0,6.1,8232160.0,67155090.0,2.44,0.62,59.56,1.87,0.00 
3704,合勤控,22250630.0,7.41,831001.0,8306231.0,10.36,4476438.0,19589165.0,4.43,2.85,53.23,1.91,0.00 
3705,永信,8084664.0,1.24,781134.0,6576262.0,11.99,2664230.0,12611892.0,6.24,1.15,48.07,2.97,0.00 
3706,神達,41145756.0,14.83,2850785.0,42761495.0,6.8,12065568.0,57171735.0,5.06,1.14,28.61,2.45,0.00 
3708,上緯投控,9867900.0,60.53,728305.0,6415597.0,11.65,935046.0,12219232.0,6.26,1.11,42.46,6.82,0.00 
3711,日月光投控,476978710.0,15.44,29276780.0,234256597.0,12.96,43515920.0,583091082.0,5.03,1.27,61.49,6.47,1.00 
3712,永崴投控,7053361.0,20.87,179775.0,8177255.0,2.3,2462421.0,22807009.0,0.77,0.84,62.3,0.34,0.00 
4104,佳醫,6675494.0,3.39,669086.0,9579704.0,7.03,1411490.0,14004632.0,4.82,0.81,37.29,4.06,0.00 
4106,雃博,2004025.0,1.47,105377.0,2106283.0,5.06,1009116.0,3046409.0,3.37,1.14,32.79,1.04,0.00 
4108,懷特,91810.0,3.85,118655.0,1702122.0,6.95,1636189.0,1809597.0,6.51,0.09,6.92,0.54,0.00 
4119,旭富,2689222.0,14.16,360124.0,3322222.0,10.36,794853.0,4569938.0,8.17,1.04,14.87,4.53,0.00 
4133,亞諾法,456449.0,10.21,36526.0,1211094.0,3.02,605536.0,1294584.0,2.83,0.57,5.66,0.6,0.00 
4137,麗豐-KY,4055996.0,21.07,959636.0,4408315.0,22.95,794924.0,8963786.0,10.84,1.11,46.26,12.09,0.00 
4141,龍燈-KY,9222322.0,10.33,509140.0,4950193.0,10.57,1750753.0,16883962.0,3.09,0.83,68.25,2.94,0.00 
4142,國光生,1869147.0,43.82,1197264.0,6628687.0,19.96,4295078.0,8473414.0,15.66,0.3,41.77,3.03,0.00 
4148,全宇生技-KY,1642783.0,2197.9027262931036,98168.0,2363178.0,13.349612068965518,640340.0,2614370.0,6.0490625,1.251293103448276,46.20329741379311,1.28,0.00 
4155,訊映,1484413.0,19.71,121303.0,1739138.0,7.04,949337.0,2535052.0,4.75,1.0,41.36,1.56,0.00 
4164,承業醫,2554911.0,13.4,362912.0,6000001.0,6.18,1570439.0,11543821.0,3.0,0.48,52.55,2.53,0.00 
4190,佐登-KY,2731429.0,15.54,257725.0,2072476.0,12.97,609147.0,7030077.0,3.78,0.86,68.76,4.41,0.00 
4306,炎洲,13948716.0,13.21,778905.0,9976793.0,7.81,5850478.0,29815825.0,2.57,0.84,71.24,1.51,0.00 
4414,如興,17077832.0,1.33,112835.0,10793756.0,1.05,8200469.0,21839702.0,0.5,0.0,51.67,0.16,0.00 
4426,利勤,1217165.0,47.1,108638.0,3114979.0,3.46,1726773.0,4961439.0,2.19,0.81,33.74,0.63,0.00 
4438,廣越,12188857.0,25.06,557830.0,8153341.0,7.19,1033753.0,12870003.0,4.2,2.32,33.11,5.2,0.00 
4439,冠星-KY,5389194.0,27.01,416040.0,2414039.0,17.45,315000.0,4015795.0,10.36,2.39,41.9,13.25,0.00 
4526,東台,7778541.0,29.19,396709.0,5460674.0,7.08,2548265.0,16009065.0,2.42,1.1,64.59,1.36,0.00 
4532,瑞智,19319962.0,4.23,722644.0,10279807.0,7.31,5049151.0,29420708.0,2.55,1.31,64.59,1.41,0.00 
4536,拓凱,7234362.0,0.13,792471.0,5590084.0,14.53,908200.0,10191612.0,7.81,1.26,44.93,7.48,0.00 
4540,全球傳動,2740221.0,30.0,91424.0,3059121.0,3.01,941780.0,6116737.0,1.5,0.69,44.04,0.96,0.00 
4545,銘鈺,1921700.0,6.92,29987.0,1701187.0,1.79,770000.0,3130949.0,0.95,1.04,42.0,0.39,0.00 
4551,智伸科,7160275.0,5.91,771395.0,6079942.0,13.53,1120981.0,12170450.0,6.43,1.0,65.0,7.19,0.00 
4552,力達-KY,4384823.0,19.18,257784.0,5206798.0,5.06,1160000.0,6845401.0,3.75,1.39,25.5,2.22,0.00 
4555,氣立,1582138.0,15.67,142372.0,2674623.0,5.41,668800.0,4698229.0,3.07,0.61,34.83,2.04,0.00 
4557,永新-KY,1491678.0,7.93,139131.0,1524922.0,9.36,398080.0,2284270.0,6.39,1.36,27.93,3.61,0.00 
4560,強信-KY,1257464.0,23.13,76196.0,1555694.0,5.02,680620.0,2618205.0,3.05,1.28,28.52,1.12,0.00 
4562,穎漢,658110.0,33.51,152490.0,957183.0,15.51,675460.0,2746009.0,5.53,0.55,63.73,2.23,0.00 
4564,元翎,2062150.0,23.37,298017.0,4392051.0,6.88,1835510.0,7890838.0,3.78,0.61,44.69,1.65,0.00 
4566,時碩工業,3515226.0,8.12,99881.0,2191830.0,4.61,675330.0,5223813.0,1.99,1.38,55.64,1.49,0.00 
4571,鈞興-KY,2065404.0,30.24,285393.0,1794771.0,16.5,484000.0,2629038.0,11.49,1.29,24.94,6.0,0.00 
4572,駐龍,350169.0,57.03,32788.0,1844365.0,1.78,358000.0,2099739.0,1.56,0.63,14.86,0.92,0.00 
4576,大銀微系統,2451961.0,20.12,153555.0,3560723.0,4.35,1186157.0,5453170.0,2.79,0.67,37.04,1.14,0.00 
4581,光隆精密-KY,863749.0,2197.9027262931036,68565.0,873812.0,13.349612068965518,338990.0,1329334.0,6.0490625,1.251293103448276,46.20329741379311,2.06,0.00 
4720,德淵,3162668.0,2.17,101811.0,1279328.0,8.09,906000.0,3055987.0,3.39,1.92,58.76,0.78,0.00 
4722,國精化,3822858.0,10.89,281318.0,2539454.0,11.29,1000092.0,3285117.0,8.75,2.27,23.67,2.83,0.00 
4737,華廣,1668586.0,23.21,63520.0,2070783.0,3.11,627260.0,4485052.0,1.41,0.82,53.53,1.06,0.00 
4739,康普,5285365.0,17.02,165645.0,3970429.0,4.21,930293.0,7217549.0,2.38,1.58,41.84,1.73,0.00 
4746,台耀,3075457.0,11.56,329178.0,5285717.0,6.14,1083126.0,10285771.0,3.17,0.51,53.61,3.78,0.00 
4755,三福化,3818716.0,2.99,399473.0,3792659.0,11.41,1007060.0,5384424.0,8.06,1.61,25.31,4.36,0.00 
4763,材料-KY,2353380.0,8.19,509581.0,1608411.0,34.19,510767.0,3109067.0,16.52,1.49,46.92,10.07,0.00 
4764,雙鍵,2632875.0,24.71,62801.0,2218618.0,2.87,754206.0,4519023.0,1.38,1.5,41.61,0.81,0.00 
4766,南寶,15551344.0,9.13,1267122.0,11196284.0,11.75,1205707.0,19346442.0,6.79,1.62,42.62,10.12,0.00 
4807,日成-KY,1765557.0,3.08,97648.0,1084262.0,9.2,383860.0,1930825.0,5.55,1.56,46.61,2.31,0.00 
4904,遠傳,79500965.0,5.2,8444622.0,68247209.0,12.55,32585008.0,173429320.0,4.93,1.1,47.37,2.56,1.00 
4906,正文,19929372.0,10.38,1407574.0,9384135.0,15.13,3575905.0,18656376.0,7.32,2.15,40.9,3.86,0.00 
4912,聯德控股-KY,5471250.0,9.03,454923.0,2592602.0,19.47,505535.0,6391719.0,7.21,1.43,68.35,9.57,0.00 
4915,致伸,68240939.0,15.38,1944267.0,15500590.0,12.84,4508983.0,47307082.0,3.99,2.5,72.71,4.3,0.00 
4916,事欣科,3377878.0,56.64,180876.0,1208928.0,14.35,834516.0,3038600.0,5.73,0.91,53.27,1.78,0.00 
4919,新唐,20668056.0,99.36,532785.0,11521368.0,5.56,3883936.0,32322701.0,1.7,1.93,33.74,1.81,0.00 
4927,泰鼎-KY,11832513.0,13.92,1203755.0,7660971.0,16.24,1899380.0,15268362.0,8.34,1.52,36.95,6.31,0.00 
4930,燦星網,9466877.0,1.29,612482.0,6078976.0,10.51,1343000.0,14966601.0,4.32,1.44,57.81,2.23,0.00 
4934,太極,2193597.0,5.81,5340.0,1778281.0,0.3,2000000.0,3943027.0,0.14,0.94,56.87,0.01,0.00 
4935,茂林-KY,11205768.0,111.98,1355051.0,7244403.0,19.25,1309371.0,12439047.0,11.17,0.93,37.14,10.35,0.00 
4938,和碩,1399332906.0,2.42,22419552.0,198940522.0,11.39,26628737.0,684346609.0,3.39,3.93,66.13,7.73,1.00 
4942,嘉彰,7263201.0,5.54,676365.0,7493939.0,9.24,1423676.0,10249628.0,6.71,1.35,27.48,4.76,0.00 
4943,康控-KY,4304546.0,16.58,185647.0,5240760.0,3.58,1572126.0,9804741.0,1.88,0.83,48.32,0.93,0.00 
4952,凌通,2899677.0,10.07,282037.0,2109313.0,13.67,1088158.0,2870648.0,9.99,1.73,25.64,2.59,0.00 
4956,光鋐,1302811.0,9.35,16164.0,1829068.0,0.89,1004082.0,2619651.0,0.63,0.77,32.37,0.16,0.00 
4958,臻鼎-KY,131278537.0,9.19,11508290.0,104037876.0,11.83,9470492.0,181120487.0,7.04,1.41,35.41,8.9,0.00 
4960,誠美材,9456875.0,36.52,91471.0,9621616.0,0.96,6657285.0,14571675.0,0.64,1.3,31.93,0.13,0.00 
4961,天鈺,10879700.0,18.43,731828.0,6276149.0,13.63,1665880.0,9269684.0,8.86,2.63,34.75,4.07,0.00 
4967,十銓,7501914.0,8.66,141292.0,1479594.0,9.97,744865.0,3716377.0,4.01,5.16,57.18,2.06,0.00 
4968,立積,5350200.0,94.58,866216.0,2185286.0,42.86,631921.0,3661208.0,24.98,2.09,42.58,13.82,0.00 
4976,佳凌,1371127.0,10.45,56832.0,1610312.0,3.58,1188070.0,2346310.0,2.48,0.95,28.3,0.5,0.00 
4977,眾達-KY,3339200.0,31.78,538647.0,2668719.0,20.84,686898.0,3286730.0,16.53,1.44,24.62,8.02,0.00 
4989,榮科,2796303.0,6.29,34323.0,2041812.0,1.69,1530850.0,2487496.0,1.39,2.02,17.88,0.22,0.00 
4994,傳奇,3246437.0,12.54,432923.0,1785162.0,25.39,1106390.0,2574757.0,17.06,3.02,33.84,3.91,0.00 
4999,鑫禾,2940744.0,30.85,420879.0,3539342.0,12.19,744172.0,4417896.0,9.78,0.98,14.43,5.66,0.00 
5007,三星,5072643.0,22.54,615656.0,6477641.0,9.64,2949401.0,7720904.0,8.2,1.5,17.24,2.04,0.00 
5203,訊連,1640662.0,13.13,188421.0,3816156.0,4.98,826003.0,5132942.0,3.69,0.46,23.92,2.26,0.00 
5215,科嘉-KY,3718647.0,76.52,742244.0,2815116.0,27.71,593375.0,3909537.0,19.45,1.38,24.78,13.11,0.00 
5225,東科-KY,8941255.0,15.09,676356.0,1181781.0,51.09,614550.0,6402774.0,10.08,3.18,64.71,11.09,0.00 
5234,達興材料,4296103.0,5.18,631304.0,2900408.0,22.34,1027159.0,4349169.0,14.81,1.97,31.77,6.15,0.00 
5243,乙盛-KY,9889935.0,2.45,460937.0,5929518.0,7.95,1685289.0,9784434.0,4.77,1.94,34.48,2.74,0.00 
5258,虹堡,3734514.0,4.12,208003.0,1523035.0,13.95,895426.0,3632980.0,5.69,1.76,61.68,2.23,0.00 
5269,祥碩,6987470.0,86.53,2927912.0,14101577.0,22.46,692229.0,15690529.0,20.19,1.93,25.2,44.16,0.00 
5283,禾聯碩,6032747.0,4.26,940023.0,3848029.0,23.96,730004.0,5564612.0,16.84,1.86,31.46,12.73,0.00 
5284,jpp-KY,1259442.0,12.32,117284.0,1847615.0,6.49,436646.0,3244879.0,3.74,0.81,42.83,2.65,0.00 
5285,界霖,4347192.0,2.49,129038.0,2351290.0,5.61,940893.0,5385782.0,2.44,1.56,51.73,1.37,0.00 
5288,豐祥-KY,4658907.0,11.66,553202.0,3070891.0,18.51,658262.0,5279781.0,11.02,1.97,35.2,8.4,0.00 
5388,中磊,36096281.0,13.54,900626.0,7720079.0,11.95,2517748.0,30578748.0,3.08,2.09,70.68,3.66,0.00 
5434,崇越,36167994.0,14.1,2065325.0,10588314.0,20.15,1816996.0,21451715.0,9.9,2.82,51.47,11.38,0.00 
5469,瀚宇博,45704270.0,5.94,4095395.0,39410144.0,11.17,5284413.0,75428898.0,5.62,1.1,49.54,6.15,0.00 
5471,松翰,5370626.0,66.04,1025601.0,3897860.0,27.73,1678770.0,5092369.0,21.45,1.55,17.23,6.11,0.00 
5484,慧友,310453.0,7.48,48080.0,555280.0,8.45,681151.0,751413.0,6.45,0.67,19.49,0.71,0.00 
5515,建國,6762818.0,41.69,374744.0,4428651.0,6.92,2574401.0,9123907.0,3.35,1.24,49.02,1.43,0.00 
5519,隆大,3409980.0,22.41,453059.0,4380066.0,10.59,2191972.0,9313633.0,4.99,0.81,51.11,2.07,0.00 
5521,工信,7159730.0,67.17,1007121.0,5575914.0,17.49,4475274.0,8327513.0,11.9,0.76,52.45,2.26,0.00 
5522,遠雄,26845946.0,29.86,3838255.0,41725205.0,9.43,7815962.0,91661577.0,4.18,0.42,52.12,4.86,0.00 
5525,順天,1000376.0,61.26,44132.0,4537095.0,0.98,2645913.0,16201670.0,0.31,0.36,62.36,0.17,0.00 
5531,鄉林,5915557.0,22.75,107806.0,12459963.0,0.9,9775892.0,31868186.0,0.33,0.33,63.02,0.17,0.00 
5533,皇鼎,3834898.0,135.17,242758.0,7438339.0,3.29,2852450.0,13982018.0,1.71,0.2,51.04,0.85,0.00 
5534,長虹,9197553.0,2.94,2619876.0,18429238.0,14.68,2903260.0,34079058.0,7.72,0.53,41.78,9.02,0.00 
5538,東明-KY,9171338.0,4.14,494824.0,4177111.0,12.26,1680000.0,8855428.0,6.06,2.03,46.98,2.94,0.00 
5546,永固-KY,5373642.0,2197.9027262931036,731809.0,3316504.0,13.349612068965518,800250.0,7104238.0,6.0490625,1.251293103448276,46.20329741379311,10.05,0.00 
5607,遠雄港,1907389.0,16.11,588084.0,6952844.0,8.64,2299791.0,14999367.0,4.07,0.32,51.03,2.01,0.00 
5608,四維航,2670823.0,29.8,1007168.0,3491372.0,27.71,2792671.0,21627846.0,4.58,0.27,80.3,3.27,0.00 
5706,鳳凰,489508.0,83.47,13477.0,1123821.0,1.23,671174.0,2338162.0,0.6,2.12,53.71,0.15,0.00 
5871,中租-KY,59477759.0,0.58,17538421.0,99978870.0,18.04,15313280.0,593323834.0,3.06,0.21,85.13,12.2,1.00 
5906,台南-KY,1783704.0,6.67,81142.0,414434.0,20.79,300000.0,1190391.0,7.15,2.48,72.36,2.35,0.00 
5907,大洋-KY,4790864.0,27.39,122122.0,8511444.0,1.47,1955310.0,24340997.0,0.51,0.44,66.04,0.62,0.00 
6108,競國,8308167.0,4.99,83160.0,3457908.0,2.4,1598993.0,9723879.0,0.85,1.44,60.69,0.52,0.00 
6112,聚碩,13512521.0,9.8,576099.0,4546346.0,12.81,1883573.0,8147415.0,7.12,2.76,41.48,2.91,0.00 
6115,鎰勝,6174144.0,5.89,481262.0,4746848.0,10.36,1876622.0,8263284.0,5.89,1.43,39.42,2.58,0.00 
6116,彩晶,19553306.0,19.69,3835096.0,44527257.0,8.99,30271869.0,52023356.0,7.57,0.59,14.51,1.25,0.00 
6117,迎廣,2202994.0,6.51,91303.0,1162267.0,7.72,886500.0,3080899.0,2.86,1.26,54.82,0.86,0.00 
6120,達運,14290244.0,9.85,1240799.0,9928245.0,12.47,6655551.0,19741580.0,6.37,1.39,44.46,1.86,0.00 
6128,上福,4239384.0,32.7,148632.0,3165435.0,4.72,1275887.0,6523457.0,2.31,1.59,50.45,1.16,0.00 
6133,金橋,947499.0,17.63,1919.0,1385776.0,0.14,1170064.0,2119045.0,0.09,1.09,21.58,0.02,0.00 
6136,富爾特,652952.0,23.42,56309.0,2653280.0,2.18,1155364.0,2780734.0,2.09,0.54,4.5,0.48,0.00 
6139,亞翔,13916562.0,16.17,209927.0,11236501.0,1.87,2255409.0,28262080.0,0.73,1.0,58.62,1.52,0.00 
6141,柏承,3267428.0,7.14,345825.0,2629064.0,14.54,1289145.0,5049016.0,7.43,1.34,47.85,2.67,0.00 
6142,友勁,3291260.0,3.0,434942.0,1968876.0,21.81,2296792.0,4673657.0,9.06,1.26,51.52,1.89,0.00 
6152,百一,3054963.0,32.91,24056.0,1398879.0,1.76,1677385.0,3458316.0,0.73,2.06,62.43,0.13,0.00 
6153,嘉聯益,16037113.0,5.82,657018.0,15743806.0,4.24,5561777.0,32277650.0,2.05,1.02,51.8,1.18,0.00 
6155,鈞寶,606740.0,6.64,34073.0,1415434.0,2.44,868427.0,2551071.0,1.38,0.52,33.43,0.39,0.00 
6164,華興,760612.0,16.33,16680.0,1118128.0,1.52,1000002.0,1711337.0,0.98,0.86,38.8,0.17,0.00 
6165,浪凡,845362.0,38067.95,62392.0,543779.0,11.71,532424.0,1206185.0,5.35,0.01,5.24,1.16,0.00 
6166,凌華,9635678.0,8.18,241648.0,4516046.0,5.38,2174973.0,8742427.0,2.82,2.17,44.4,1.12,0.00 
6168,宏齊,2507351.0,15.36,143646.0,3017807.0,4.9,2060698.0,4054588.0,3.74,1.04,25.66,0.7,0.00 
6172,互億,518477.0,4.73,12095.0,324817.0,3.81,300000.0,820065.0,1.48,1.42,52.81,0.4,0.00 
6176,瑞儀,56093201.0,0.05,5227665.0,29362822.0,18.33,4650273.0,55851948.0,9.3,1.95,45.73,11.24,0.00 
6177,達麗,2103343.0,68.26,149496.0,5598038.0,2.82,3803045.0,31829965.0,0.48,0.59,79.64,0.5,0.00 
6183,關貿,1899439.0,10.08,337210.0,2234627.0,15.25,1500000.0,3179233.0,10.44,1.03,23.97,2.25,0.00 
6184,大豐電,2005196.0,0.09,501248.0,4262719.0,11.9,1582306.0,7498838.0,6.74,0.44,47.43,3.38,0.00 
6189,豐藝,26710813.0,16.97,604676.0,4263736.0,14.37,1791260.0,12044400.0,5.07,3.79,59.71,2.99,0.00 
6191,精成科,22816306.0,4.44,1665915.0,15670455.0,11.18,5155469.0,31554142.0,5.38,1.25,51.19,3.42,0.00 
6192,巨路,5934549.0,5.09,744132.0,5221825.0,14.55,1068398.0,8025968.0,9.53,1.46,38.21,6.96,0.00 
6196,帆宣,25119857.0,3.88,875502.0,6366383.0,14.05,1872192.0,20261423.0,4.35,2.17,70.29,4.88,0.00 
6197,佳必琪,3582522.0,2.2,270395.0,3075074.0,8.97,1220859.0,4750068.0,5.76,1.45,27.26,2.13,0.00 
6201,亞弘電,3511749.0,8.55,298681.0,2505777.0,12.16,892000.0,3670253.0,8.33,1.77,24.71,3.35,0.00 
6202,盛群,5614539.0,22.48,1048117.0,4482403.0,24.87,2261682.0,6187324.0,17.96,1.5,24.08,4.56,0.00 
6205,詮欣,1334922.0,13.43,142062.0,1822664.0,7.9,718391.0,2698827.0,5.7,0.94,21.89,2.01,0.00 
6206,飛捷,4432961.0,16.84,597928.0,4609035.0,13.13,1430623.0,5592068.0,10.71,1.64,18.29,4.12,0.00 
6209,今國光,2979162.0,12.27,216792.0,2992939.0,7.18,1631469.0,4591514.0,4.76,1.33,26.57,1.33,0.00 
6213,聯茂,25421687.0,6.81,2665565.0,13393654.0,20.65,3329572.0,25684378.0,10.32,1.82,61.99,8.19,0.00 
6214,精誠,23735090.0,7.64,1675722.0,13649447.0,12.42,2693933.0,22029235.0,7.79,1.83,37.54,6.72,0.00 
6215,和椿,1603098.0,3.94,78965.0,1123926.0,7.19,827897.0,1983800.0,4.04,1.27,44.41,0.96,0.00 
6216,居易,841245.0,8.69,108723.0,1505916.0,7.29,864909.0,1669131.0,6.28,0.89,11.04,1.27,0.00 
6224,聚鼎,1767267.0,6.75,400635.0,2249886.0,18.39,800018.0,3449006.0,12.27,0.99,27.24,5.01,0.00 
6225,天瀚,23202.0,88.2,6760.0,16288.0,40.3,1270767.0,23980.0,27.52,1.07,52.23,0.05,0.00 
6226,光鼎,809208.0,20.91,52067.0,1272794.0,4.08,1149518.0,2600689.0,2.01,0.81,38.13,0.39,0.00 
6230,尼得科超眾,9123421.0,6.26,782398.0,4412745.0,18.39,863434.0,8711488.0,9.3,2.07,44.14,9.06,0.00 
6235,華孚,1997427.0,9.05,649834.0,2377601.0,27.81,1694394.0,4459852.0,15.55,0.93,55.38,3.85,0.00 
6239,力成,76180649.0,14.51,8178977.0,58404639.0,14.25,7791466.0,108746240.0,7.53,1.08,48.76,8.6,0.00 
6243,迅杰,636513.0,13.68,61358.0,440353.0,13.48,749767.0,872973.0,7.03,1.07,42.13,0.82,0.00 
6251,定穎,12624101.0,7.93,679065.0,5131266.0,13.34,2775141.0,13185306.0,5.13,1.73,71.08,2.58,0.00 
6257,矽格,12428549.0,23.71,1926589.0,14946170.0,13.32,4316114.0,29813911.0,6.68,0.73,45.37,4.22,0.00 
6269,台郡,29897996.0,14.85,2934043.0,25557489.0,11.93,3617798.0,42767373.0,7.25,1.31,36.36,8.63,0.00 
6271,同欣電,10178002.0,37.0,1450675.0,21209533.0,6.91,1787083.0,25437173.0,5.71,1.04,18.08,7.88,0.00 
6277,宏正,4823613.0,4.23,1501978.0,4850941.0,31.45,1194711.0,7492315.0,20.08,1.35,34.94,12.55,0.00 
6278,台表科,41405758.0,9.23,2188249.0,13495354.0,16.53,2923984.0,38029686.0,6.05,2.0,61.58,7.5,0.00 
6281,全國電,19476255.0,11.13,581932.0,2615051.0,22.58,991729.0,8215344.0,7.07,4.11,67.94,5.87,0.00 
6282,康舒,20983757.0,1.94,1397900.0,10643594.0,13.06,5166213.0,26975898.0,5.37,1.63,55.92,2.54,0.00 
6283,淳安,1675786.0,36.4,85483.0,2359669.0,3.6,1479998.0,3573907.0,2.43,0.8,15.51,0.25,0.00 
6285,啟碁,62648731.0,0.66,1466920.0,16785589.0,8.86,3976243.0,37938976.0,3.86,3.1,53.06,3.76,1.00 
6288,聯嘉,3776717.0,12.21,143588.0,2499713.0,5.86,1826396.0,5313006.0,2.79,1.57,52.52,0.85,0.00 
6289,華上,77932.0,31.82,73234.0,2849.0,1035.99,1047781.0,200120.0,33.65,0.61,94.88,0.79,0.00 
6405,悅城,441734.0,26.04,87165.0,1896050.0,4.56,658000.0,2159721.0,4.01,0.41,26.71,1.32,0.00 
6409,旭隼,13652564.0,5.54,2197144.0,5338568.0,43.26,874354.0,11921210.0,17.74,2.16,52.81,25.31,0.00 
6412,群電,34863027.0,1.31,2127220.0,9530631.0,23.16,3887510.0,25171091.0,8.71,2.63,61.8,5.52,0.00 
6414,樺漢,84091485.0,3.17,3155383.0,30501350.0,10.57,932720.0,93162581.0,3.45,1.59,68.63,12.13,0.00 
6415,矽力-KY,13876445.0,29.3,3241795.0,18350604.0,18.31,929014.0,19867286.0,16.9,1.14,8.62,35.72,0.00 
6416,瑞祺電通,5465855.0,23.33,416837.0,3246761.0,13.03,730678.0,4865403.0,8.51,1.87,34.07,5.29,0.00 
6426,統新,710777.0,2197.9027262931036,137872.0,1375952.0,13.349612068965518,385090.0,1537534.0,6.0490625,1.251293103448276,46.20329741379311,3.58,0.00 
6431,光麗-KY,152753.0,62.76,62874.0,313809.0,20.12,472470.0,377989.0,16.72,0.0,36.64,1.38,0.00 
6438,迅得,3395005.0,2197.9027262931036,379262.0,2143910.0,13.349612068965518,603156.0,4749637.0,6.0490625,1.251293103448276,46.20329741379311,6.35,0.00 
6442,光聖,2413548.0,0.29,38051.0,1709033.0,2.22,693000.0,2906024.0,1.31,1.4,34.6,0.57,0.00 
6443,元晶,4623829.0,4.07,284866.0,4778334.0,7.35,4457967.0,9418445.0,3.41,0.97,58.86,0.74,0.00 
6449,鈺邦,2384625.0,19.06,261615.0,2179338.0,12.39,845248.0,4036597.0,6.61,0.96,46.23,3.1,0.00 
6451,訊芯-KY,4849689.0,15.58,719556.0,6238225.0,11.99,1072558.0,14683881.0,5.36,0.91,50.49,6.88,0.00 
6456,GIS-KY,127104736.0,6.16,3730920.0,28884164.0,13.38,3394398.0,92212366.0,4.21,2.65,65.99,11.04,0.00 
6464,台數科,4328920.0,40.26,1067431.0,7098694.0,15.31,1246986.0,20217377.0,5.28,0.37,67.07,8.54,0.00 
6477,安集,2085142.0,33.19,263449.0,2395975.0,11.27,1074490.0,5310690.0,4.99,0.64,57.85,2.65,0.00 
6491,晶碩,3978413.0,18.58,715359.0,4595715.0,16.06,700000.0,6416031.0,11.62,0.94,23.65,10.22,0.00 
6504,南六,9371410.0,43.14,1453723.0,4268251.0,36.11,726000.0,10878981.0,13.43,1.22,67.44,20.02,0.00 
6505,台塑化,415281764.0,35.72,7372455.0,312627068.0,2.47,95259597.0,380923116.0,2.02,2.86,16.09,0.78,1.00 
6515,穎崴,2909821.0,2197.9027262931036,530965.0,1771570.0,13.349612068965518,305710.0,2406078.0,6.0490625,1.251293103448276,46.20329741379311,17.42,0.00 
6525,捷敏-KY,3750121.0,8.29,684661.0,3849356.0,18.23,1290474.0,5151270.0,13.74,1.28,23.3,5.31,0.00 
6531,愛普,3549497.0,2.72,820983.0,3102970.0,28.96,742848.0,3983400.0,21.98,1.82,31.0,11.0,0.00 
6533,晶心科,581012.0,17.41,35142.0,1195389.0,3.1,426509.0,1402903.0,2.64,0.62,15.51,0.82,0.00 
6541,泰福-KY,300.0,999999.99,2104236.0,2620715.0,104.15,3116067.0,4372725.0,66.07,0.0,15.17,7.84,0.00 
6552,易華電,2646853.0,12.27,148328.0,2266991.0,6.87,830000.0,4257290.0,3.54,1.5,40.69,1.57,0.00 
6558,興能高,1792597.0,10.67,62389.0,1392016.0,4.57,868813.0,2561099.0,2.48,1.56,43.43,0.72,0.00 
6573,虹揚-KY,1615250.0,9.0,237460.0,1363728.0,17.04,804993.0,3027920.0,7.75,0.94,57.18,2.54,0.00 
6579,研揚,5898185.0,4.07,464171.0,8372453.0,5.6,1484985.0,9577118.0,4.89,1.11,14.07,3.58,0.00 
6581,鋼聯,1622229.0,1.72,407534.0,3557375.0,11.85,1112709.0,5043033.0,8.36,0.66,24.23,3.66,0.00 
6582,申豐,5268419.0,61.05,1777831.0,4844030.0,40.17,1061241.0,5964918.0,33.06,1.42,13.77,16.85,0.00 
6591,動力-KY,1578165.0,33.19,163871.0,1372810.0,13.03,320695.0,2381625.0,6.99,1.18,41.96,5.66,0.00 
6592,和潤企業,14665572.0,6.88,2792480.0,23662850.0,12.03,5150004.0,159009244.0,1.8,0.14,83.43,5.01,0.00 
6598,ABC-KY,299015.0,2197.9027262931036,103496.0,1086995.0,13.349612068965518,816390.0,1227221.0,6.0490625,1.251293103448276,46.20329741379311,1.33,0.00 
6605,帝寶,14260153.0,9.06,551800.0,13754028.0,4.05,1658164.0,30449444.0,1.78,0.83,58.76,3.56,0.00 
6625,必應,795225.0,34.96,131861.0,646790.0,22.98,448734.0,1102635.0,13.05,1.8,46.21,3.3,0.00 
6641,基士德-KY,1846674.0,7.3,215511.0,1289653.0,17.5,340000.0,2014103.0,11.44,1.9,33.54,6.52,0.00 
6655,科定,2088346.0,18.91,294938.0,2358346.0,12.83,739685.0,5472527.0,5.46,0.77,56.22,4.09,0.00 
6666,羅麗芬-KY,844885.0,41.56,103916.0,1643078.0,6.53,473880.0,2079050.0,5.22,1.16,15.82,2.2,0.00 
6668,中揚光,1689699.0,20.94,123054.0,2008047.0,6.25,683399.0,3577273.0,3.57,0.71,48.3,1.85,0.00 
6669,緯穎,186927647.0,14.27,8609657.0,24513923.0,37.11,1748408.0,54724165.0,15.0,6.32,58.01,49.25,1.00 
6670,復盛應用,14229734.0,17.03,1212881.0,6990672.0,18.28,1310300.0,14474231.0,9.35,2.63,43.8,8.62,0.00 
6671,三能-KY,1913403.0,1.3,220416.0,1680841.0,13.46,607500.0,2275946.0,9.95,1.5,26.48,3.66,0.00 
6672,騰輝電子-KY,4830183.0,2197.9027262931036,373253.0,2453585.0,13.349612068965518,714543.0,4460252.0,6.0490625,1.251293103448276,46.20329741379311,5.28,0.00 
6674,鋐寶科技,2704414.0,4.51,46723.0,1659156.0,2.83,669674.0,2746159.0,1.69,1.79,35.24,0.7,0.00 
6698,旭暉應材,620635.0,27.34,27586.0,1698673.0,1.65,663898.0,2295555.0,1.22,0.97,19.4,0.07,0.00 
6706,惠特,3159682.0,15.09,342846.0,2445174.0,14.63,671779.0,4961630.0,7.64,1.63,42.83,5.12,0.00 
6715,嘉基,2404160.0,7.09,279530.0,1791185.0,15.98,570000.0,2821274.0,10.28,2.03,30.75,4.77,0.00 
6743,安普新,4998255.0,2197.9027262931036,495059.0,3215384.0,13.349612068965518,1220000.0,7059007.0,6.0490625,1.251293103448276,46.20329741379311,4.4,0.00 
6754,匯僑設計,3117134.0,2197.9027262931036,213206.0,1958734.0,13.349612068965518,660000.0,3873112.0,6.0490625,1.251293103448276,46.20329741379311,3.43,0.00 
6756,威鋒電子,1969592.0,2197.9027262931036,318484.0,2616871.0,13.349612068965518,675000.0,3040576.0,6.0490625,1.251293103448276,46.20329741379311,5.29,0.00 
6768,志強-KY,13514535.0,2197.9027262931036,409107.0,10782008.0,13.349612068965518,1742606.0,16294867.0,6.0490625,1.251293103448276,46.20329741379311,2.35,0.00 
6776,展碁國際,17281341.0,2197.9027262931036,194218.0,1526454.0,13.349612068965518,737484.0,4786852.0,6.0490625,1.251293103448276,46.20329741379311,2.63,0.00 
6781,AES-KY,6306568.0,2197.9027262931036,906913.0,3632928.0,13.349612068965518,637508.0,6692504.0,6.0490625,1.251293103448276,46.20329741379311,14.17,0.00 
8011,台通,1437057.0,4.89,66739.0,3748350.0,1.87,1426362.0,6749038.0,1.0,0.38,49.79,0.19,0.00 
8016,矽創,13804562.0,0.01,2164113.0,9279077.0,23.93,1201369.0,13816160.0,16.33,2.3,38.61,11.53,0.00 
8021,尖點,2973426.0,1.09,304257.0,4776095.0,6.54,1421805.0,6348855.0,4.92,0.86,24.52,1.98,0.00 
8028,昇陽半導體,2442176.0,7.81,115558.0,2323896.0,5.02,1324080.0,5123329.0,2.28,0.95,54.27,1.02,0.00 
8033,雷虎,908235.0,11.28,24471.0,702855.0,3.49,1126298.0,1277529.0,1.92,1.17,40.57,0.03,0.00 
8039,台虹,8766318.0,15.59,784353.0,7577936.0,10.49,2091197.0,11531915.0,6.88,1.16,35.36,3.7,0.00 
8046,南電,38512743.0,23.86,3665917.0,32362689.0,11.57,6461655.0,44556237.0,8.54,1.39,23.72,5.67,0.00 
8070,長華*,16424018.0,6.21,1362120.0,8915540.0,16.0,638799.0,23319671.0,6.0,1.5,55.33,1.56,0.00 
8072,陞泰,1222174.0,52.19,3395.0,2245308.0,0.15,800000.0,2500072.0,0.14,0.57,7.06,0.15,0.00 
8081,致新,7407799.0,30.59,1097448.0,5205165.0,21.61,861721.0,7803097.0,14.44,1.4,30.86,12.24,0.00 
8101,華冠,3056058.0,26.41,643349.0,413786.0,122.12,2080888.0,2603954.0,24.29,1.33,66.65,3.06,0.00 
8103,瀚荃,3134712.0,0.04,214340.0,2626647.0,8.31,789534.0,4529146.0,4.84,1.29,41.44,2.7,0.00 
8104,錸寶,1638051.0,2.07,207781.0,1993990.0,10.44,676320.0,3643945.0,5.64,0.83,47.79,3.06,0.00 
8105,凌巨,7159043.0,18.79,1090187.0,6968810.0,15.18,4415449.0,11514631.0,9.73,1.21,33.74,2.47,0.00 
8110,華東,5965534.0,11.32,254887.0,11884185.0,2.26,5063811.0,17973245.0,1.48,0.69,32.03,0.51,0.00 
8112,至上,137509979.0,22.14,1834350.0,8753211.0,21.42,3784965.0,40547997.0,5.02,6.48,70.65,4.22,0.00 
8114,振樺電,8089642.0,16.99,106018.0,2629816.0,4.03,749218.0,13829096.0,0.76,1.19,78.78,1.65,0.00 
8131,福懋科,9706776.0,2.63,1402677.0,11815167.0,12.35,4422222.0,13609010.0,10.68,1.25,13.9,3.17,0.00 
8150,南茂,23011381.0,13.15,2367483.0,20831752.0,11.57,7272401.0,35080814.0,6.84,1.02,42.72,3.26,0.00 
8163,達方,22349528.0,16.8,953347.0,10579062.0,9.39,2800000.0,24269506.0,4.05,1.58,53.24,3.23,0.00 
8201,無敵,1065712.0,11.19,47675.0,560406.0,8.33,623663.0,907040.0,5.34,2.06,34.73,0.76,0.00 
8210,勤誠,7544545.0,10.37,973547.0,3950042.0,26.01,1209260.0,8037116.0,12.26,1.91,45.05,8.16,0.00 
8213,志超,22847267.0,5.28,1911734.0,13027871.0,15.09,2712425.0,31444986.0,6.2,1.32,59.51,7.28,0.00 
8215,明基材,15049948.0,7.94,395973.0,4322775.0,9.32,3206745.0,11059451.0,3.67,2.33,60.0,1.23,0.00 
8222,寶一,397072.0,48.51,39467.0,853088.0,4.56,685735.0,1434435.0,2.72,0.9,39.11,0.58,0.00 
8249,菱光,3399884.0,18.46,190268.0,3344452.0,5.67,1270550.0,5244735.0,3.64,1.65,24.6,1.5,0.00 
8261,富鼎,3125776.0,40.96,196348.0,1599991.0,12.62,813405.0,2742385.0,7.6,1.68,37.05,2.44,0.00 
8271,宇瞻,7152222.0,4.46,290460.0,2809682.0,10.42,1008978.0,4051099.0,7.38,3.1,34.39,2.88,0.00 
8341,日友,2906727.0,10.93,993948.0,3242144.0,32.67,1115000.0,8968968.0,12.38,0.8,47.88,8.91,0.00 
8367,建新國際,1903290.0,3.68,263881.0,2600524.0,10.44,811319.0,7376368.0,3.62,0.46,65.43,2.73,0.00 
8374,羅昇,2754448.0,5.53,87180.0,1970415.0,4.45,1122505.0,2759980.0,3.19,1.83,35.83,0.78,0.00 
8404,百和興業-KY,6552677.0,0.58,583357.0,5947714.0,10.14,3151781.0,18506166.0,3.24,0.8,63.02,1.63,0.00 
8411,福貞-KY,5792494.0,4.58,67130.0,5339052.0,1.27,1753982.0,10163331.0,0.67,1.02,50.2,0.38,0.00 
8422,可寧衛,2680539.0,1.09,1173798.0,5754163.0,20.99,1088880.0,7138744.0,17.02,0.67,20.09,10.81,0.00 
8427,基勝-KY,3233341.0,30.27,120191.0,3756598.0,3.25,1042610.0,5589187.0,2.3,1.36,34.69,1.15,0.00 
8429,金麗-KY,378255.0,81.81,499900.0,6399777.0,7.89,1857472.0,7093206.0,7.1,0.5,12.03,2.7,0.00 
8442,威宏-KY,3741653.0,42.21,153406.0,1674798.0,8.98,599997.0,3632290.0,4.1,2.43,58.9,2.56,0.00 
8443,阿瘦,1366916.0,13.86,187756.0,1289868.0,14.32,668000.0,2343567.0,7.88,1.0,44.44,2.81,0.00 
8454,富邦媒,67198104.0,29.65,1938938.0,6949980.0,29.21,1400585.0,17809034.0,11.65,5.56,57.69,13.87,1.00 
8462,柏文,3679560.0,4.33,408631.0,2139572.0,19.69,737205.0,7256490.0,5.69,0.89,70.66,5.67,0.00 
8463,潤泰材,3298720.0,6.73,130619.0,2393691.0,5.54,1500000.0,5452480.0,2.4,1.08,54.5,0.87,0.00 
8464,億豐,24414306.0,2.03,4976676.0,15661245.0,33.25,2930202.0,27901357.0,18.21,1.94,37.03,16.36,0.00 
8466,美吉吉-KY,2882490.0,16.88,277571.0,2659878.0,10.56,660590.0,4513513.0,6.26,1.48,40.23,4.22,0.00 
8467,波力-KY,1035590.0,27.98,23704.0,1357508.0,1.75,495340.0,2401142.0,1.0,1.12,41.06,0.48,0.00 
8473,山林水,4486977.0,0.9,264778.0,7217009.0,3.68,1348123.0,15958201.0,1.71,0.55,50.32,1.15,0.00 
8478,東哥遊艇,4224774.0,14.49,94453.0,2491596.0,3.89,908863.0,6808973.0,1.35,0.9,58.51,1.04,0.00 
8480,泰昇-KY,1895124.0,4.16,391080.0,1791694.0,22.29,392700.0,2994808.0,13.35,1.35,32.17,9.96,0.00 
8481,政伸,1376062.0,12.84,832878.0,1896073.0,45.37,666019.0,2502446.0,34.53,1.31,23.42,12.51,0.00 
8482,商億-KY,3830398.0,4.88,648900.0,3005548.0,22.22,1104440.0,4148815.0,16.08,1.69,26.4,6.05,0.00 
8488,吉源-KY,2791573.0,27.92,50451.0,2528362.0,2.06,675000.0,5363814.0,0.96,1.22,53.7,0.75,0.00 
8499,鼎炫-KY,2360994.0,27.23,634787.0,3235143.0,23.52,518453.0,4557973.0,15.75,1.14,37.0,12.39,0.00 
8926,台汽電,9313724.0,29.01,1070583.0,12189668.0,8.85,5890486.0,22979690.0,4.77,0.56,40.76,1.81,0.00 
8940,新天地,1017093.0,33.71,55211.0,771333.0,7.64,674910.0,1758662.0,3.09,1.15,60.42,0.86,0.00 
8996,高力,2076359.0,0.22,112524.0,1921663.0,5.97,893841.0,3475284.0,3.18,1.4,34.28,1.26,0.00 
9802,鈺齊-KY,11345641.0,11.66,895514.0,8515317.0,10.44,1861950.0,14350057.0,6.37,1.75,36.3,5.06,0.00 
9902,台火,432138.0,63.68,32481.0,1234255.0,2.64,980496.0,1361772.0,2.44,0.26,10.61,0.33,0.00 
9904,寶成,249954311.0,20.18,3919417.0,201243202.0,2.02,29467872.0,368914559.0,1.09,1.5,47.7,1.64,0.00 
9905,大華,7257633.0,9.96,553022.0,7563232.0,7.41,3050000.0,10246129.0,5.42,1.45,26.23,1.83,0.00 
9906,欣巴巴,167828.0,894.54,88994.0,711829.0,12.17,833439.0,9359666.0,1.02,0.01,88.01,1.07,0.00 
9907,統一實,29934966.0,7.97,889165.0,20024333.0,4.48,15791453.0,34382192.0,2.57,1.58,46.22,0.58,0.00 
9908,大台北,3542624.0,16.17,867282.0,12592350.0,7.03,5163580.0,17615835.0,5.02,0.44,29.23,1.64,0.00 
9910,豐泰,68959738.0,6.73,5592171.0,19355092.0,29.32,8816811.0,43788205.0,13.18,3.21,54.6,5.53,0.00 
9911,櫻花,6628124.0,5.23,892567.0,5038876.0,18.48,2211212.0,7503362.0,12.48,1.63,31.53,4.08,0.00 
9912,偉聯,538991.0,9.8,38233.0,419575.0,9.07,538066.0,691393.0,5.38,1.28,42.22,0.77,0.00 
9914,美利達,27072342.0,3.33,4112147.0,16780587.0,25.33,2989838.0,29682477.0,14.33,1.9,43.91,13.36,0.00 
9917,中保科,13706365.0,2.2,2437228.0,11698612.0,21.48,4511971.0,23169427.0,10.74,1.07,50.29,5.42,0.00 
9918,欣天然,1986369.0,8.13,326745.0,3073442.0,10.82,1805375.0,5200498.0,6.41,0.77,40.74,1.84,0.00 
9919,康那香,5086762.0,25.41,879968.0,3116813.0,29.03,1953628.0,6949444.0,13.0,1.24,59.59,4.5,0.00 
9921,巨大,70010849.0,10.41,5175909.0,26960858.0,19.81,3750646.0,62501788.0,8.46,1.88,60.25,13.19,0.00 
9924,福興,9033976.0,4.05,832650.0,5963433.0,14.25,1884521.0,9019519.0,9.49,1.85,32.96,4.37,0.00 
9925,新保,7195005.0,1.62,951265.0,11148239.0,8.91,3874896.0,17025624.0,5.8,0.78,34.33,2.31,0.00 
9926,新海,2197817.0,8.11,419729.0,3280603.0,13.12,1795041.0,6861767.0,6.24,0.69,50.87,2.34,0.00 
9927,泰銘,8536948.0,13.25,354015.0,5212937.0,6.94,2091482.0,6352995.0,5.64,2.58,18.97,1.68,0.00 
9928,中視,766667.0,4.41,27139.0,429347.0,6.47,1507246.0,3636286.0,0.75,0.34,87.99,0.18,0.00 
9929,秋雨,749997.0,36.78,870262.0,1154440.0,57.04,1012800.0,2187492.0,33.71,0.51,75.86,6.94,0.00 
9930,中聯資源,9970633.0,4.89,773023.0,5584540.0,14.14,2485404.0,13230397.0,6.24,1.4,54.75,3.07,0.00 
9931,欣高,1232504.0,15.32,193302.0,2226123.0,8.89,1104306.0,4790743.0,4.11,0.59,53.47,1.73,0.00 
9933,中鼎,55558409.0,4.55,1305146.0,19034237.0,6.95,7633599.0,70787963.0,1.9,1.45,72.16,1.01,0.00 
9934,成霖,16775209.0,1.41,287487.0,5517277.0,5.35,3581640.0,16830743.0,1.75,2.03,64.83,0.81,0.00 
9935,慶豐富,6022518.0,7.54,363877.0,2139516.0,17.32,1696233.0,6203534.0,5.53,1.72,65.51,2.15,0.00 
9937,全國,18357564.0,19.95,774721.0,5233652.0,15.11,3090430.0,12254438.0,6.34,3.1,62.45,2.57,0.00 
9938,百和,14645277.0,3.71,1800435.0,12453988.0,14.8,2979639.0,31742387.0,5.76,0.97,57.77,5.21,0.00 
9939,宏全,19348249.0,10.12,1730740.0,13883905.0,12.68,2877859.0,31692510.0,5.39,1.2,56.45,5.72,0.00 
9940,信義,13061441.0,5.09,1569168.0,11654984.0,14.08,7368465.0,31861472.0,4.98,0.69,65.31,2.11,0.00 
9941,裕融,29632864.0,5.74,2897250.0,22088060.0,13.36,4323013.0,202593027.0,1.44,0.25,89.69,8.85,0.00 
9942,茂順,2874514.0,4.91,388910.0,3037248.0,13.07,831613.0,4386841.0,8.98,1.23,29.05,4.64,0.00 
9943,好樂迪,2748625.0,8.08,651294.0,4085045.0,16.29,1473176.0,6079558.0,10.93,0.88,31.59,4.41,0.00 
9944,新麗,2347804.0,17.53,90366.0,2916598.0,3.1,1091071.0,5029202.0,1.78,0.99,43.59,0.69,0.00 
9945,潤泰新,19084589.0,10.15,9275392.0,118965351.0,8.46,15048810.0,186389375.0,5.21,0.2,43.12,5.88,0.00 
9946,三發地產,1491772.0,70.61,182975.0,6540343.0,2.78,3309030.0,10878361.0,1.59,0.77,42.05,0.57,0.00 
9955,佳龍,3004576.0,74.24,123303.0,1589279.0,7.67,1032082.0,2882000.0,4.22,1.05,41.51,1.19,0.00 
9958,世紀鋼,6408626.0,166.77,1172997.0,9336956.0,13.82,2299898.0,17207745.0,7.01,0.36,49.96,4.38,0.00 
2880,華南金,24642539.0,14.42,8653483.0,189404165.0,4.62,128547788.0,3101082238.0,0.29,0.04,93.09,0.67,0.00 
2881,富邦金,137294299.0,6.32,90971677.0,776782796.0,12.56,115002640.0,9244452655.0,1.0,0.1,92.75,8.54,1.00 
2882,國泰金,190929532.0,13.31,75958223.0,904775681.0,8.78,147025102.0,10950472444.0,0.71,0.1,92.23,5.41,1.00 
2883,開發金,66703953.0,6.01,20676286.0,332626087.0,6.57,149732712.0,3434618475.0,0.61,0.15,90.21,0.87,1.00 
2884,玉山金,21338518.0,3.08,18047856.0,181600577.0,10.07,125671000.0,2971744682.0,0.63,0.05,93.07,1.43,1.00 
2885,元大金,26918952.0,7.29,25977044.0,273617446.0,9.65,121374360.0,2759239447.0,0.97,0.09,89.64,1.99,1.00 
2886,兆豐金,31550874.0,6.85,25017968.0,326588960.0,7.74,135998240.0,3856376532.0,0.66,0.05,91.2,1.84,1.00 
2887,台新金,21659114.0,0.68,14488827.0,186109382.0,7.86,117126998.0,2196059206.0,0.67,0.05,91.19,1.17,0.00 
2888,新光金,100285618.0,3.5,14459259.0,241578858.0,5.94,133173941.0,4357123796.0,0.34,0.13,95.09,1.12,1.00 
2889,國票金,2277257.0,23.29,3734919.0,42737811.0,8.89,28964817.0,316757486.0,1.21,0.04,86.1,1.12,0.00 
2890,永豐金,18500556.0,7.37,12241354.0,155869732.0,7.98,112710541.0,2143348565.0,0.59,0.05,91.91,1.09,0.00 
2891,中信金,109053668.0,26.57,42855155.0,405310740.0,11.02,199969796.0,6616667179.0,0.65,0.08,93.87,2.15,1.00 
2892,第一金,30482847.0,4.41,16807541.0,221206869.0,7.68,128358011.0,3550503691.0,0.48,0.05,93.15,1.31,1.00 
5880,合庫金,34896214.0,5.33,17134991.0,237681557.0,7.3,133342237.0,4147041390.0,0.42,0.03,93.93,1.24,0.00 
2816,旺旺保,8237782.0,1.93,702097.0,5847193.0,12.1,2236080.0,17744732.0,3.96,0.8,69.06,3.14,0.00 
2823,中壽,323248432.0,4.64,15547836.0,179657205.0,9.38,47313972.0,2219711848.0,0.71,0.3,92.87,3.29,1.00 
2832,台產,5396686.0,3.67,687595.0,9580533.0,7.3,3622004.0,19580636.0,3.56,0.49,51.88,1.9,1.00 
2850,新產,16510114.0,6.3,1629724.0,13223700.0,12.78,3159633.0,39472341.0,4.28,0.78,67.16,5.16,1.00 
2851,中再保,17656923.0,9.72,1515729.0,13409237.0,11.65,5903888.0,42713588.0,3.6,0.72,69.28,2.57,0.00 
2852,第一保,5854672.0,3.22,152882.0,6762084.0,2.28,3011638.0,16025987.0,0.97,0.66,57.05,0.51,0.00 
2867,三商壽,157231964.0,12.4,1444538.0,42111789.0,3.6,25019715.0,1338837240.0,0.11,0.25,96.81,0.61,1.00 
1409,新纖,32128967.0,15.24,3639884.0,0.0,3.86,7644973.324181627,116423732.0908131,0.91,0.44,75.71,1.79,0.00 
1718,中纖,30816399.0,12.9,4048708.0,0.0,6.19,7644973.324181627,116423732.0908131,0.54,0.09,91.49,0.73,0.00 
2207,和泰車,231813269.0,8.72,16535210.0,0.0,20.42,7644973.324181627,116423732.0908131,5.89,1.46,70.41,25.36,1.00 
2905,三商,210659310.0,8.22,2522479.0,0.0,5.61,7644973.324181627,116423732.0908131,0.19,0.31,96.58,1.63,0.00 
