Income,Liab_ratio,Total_assete,EPS,Networth,Return_Eq,Revenue,Turnover,Stock,Reture_A,Top_100
7040927,92.4,2313440219.0,0.68,165053790,4.28,19140252,0.04,103847236.0,0.31,0
5490971,85.52,325457939.0,4.9,46583090,12.29,5245953,0.07,11212343.0,1.72,0
4025533,92.48,736770021.0,1.03,57321753,7.26,8279093,0.04,41516943.0,0.56,0
1578242,87.92,218284001.0,1.18,25449442,6.3,1120638,0.03,13429600.0,0.71,0
4701775,94.53,1791635053.0,0.63,98658749,4.8,16192217,0.04,74885834.0,0.27,0
763315,94.3,276159561.0,0.68,16214624,4.73,2605181,0.04,11295577.0,0.28,0
3441505,91.91,757558002.0,0.96,60192412,5.84,7641060,0.05,32933688.0,0.45,0
2518703,92.78,680047467.0,0.73,48743705,5.18,6036627,0.05,34481044.0,0.37,0
2171460,88.99,311461016.0,1.11,34521952,6.35,3425664,0.05,19579101.0,0.7,0
2300929,90.94,575413630.0,0.41,54252765,4.39,4024649,0.04,30330063.0,0.4,0
17814616,90.16,2113741790.0,3.01,205099212,8.73,26388610,0.05,44816031.0,0.83,0
3614596,72.05,113711765.0,2.58,29479482,12.64,9581272,0.13,13998378.0,3.23,0
3840679,72.8,163062634.0,1.64,38674730,10.11,9724095,0.1,21709081.0,2.36,0
622344,87.75,46413395.0,3.07,6386959,9.84,2425823,0.08,2104376.0,1.34,0
27991393,43.27,389506236.0,4.32,218830053,13.13,114367247,0.58,60102549.0,7.28,0
18773807,43.0,297086855.0,4.7,169886952,11.16,78240880,0.53,33614472.0,6.27,0
1837994,38.85,40646227.0,2.74,25017349,7.64,2058417,0.09,7747805.0,4.69,0
1259795,22.64,24102936.0,1.91,18785353,6.86,5426217,0.37,6536092.0,5.33,0
392269,41.04,8027307.0,0.97,4656919,8.49,4530172,0.87,4047380.0,4.93,0
1448873,22.89,11811053.0,2.94,9541016,15.78,7593294,1.25,3419579.0,12.81,0
16949,12.01,9865320.0,0.04,8548719,0.2,1590986,0.28,5720008.0,0.17,0
536142,63.64,18031521.0,1.06,6855788,7.99,18650871,1.83,5060629.0,2.93,0
693921,34.05,9331602.0,1.81,6312382,11.16,6043700,1.17,2400000.0,7.45,0
4072346,48.57,51693036.0,3.99,27886752,15.04,81650892,2.84,8273391.0,7.89,0
-27252,55.5,1255281.0,-0.48,536146,-5.0,409612,0.62,566226.0,-2.14,0
1639876,53.74,19546349.0,6.18,8733486,19.22,22189635,2.0,2679910.0,8.47,0
30800665,63.56,495338492.0,3.79,180598593,17.3,447319979,1.67,56820154.0,6.24,0
249394,50.07,13340859.0,0.47,6858474,3.68,4614486,0.62,4945134.0,1.86,0
851541,28.43,9240265.0,1.75,7031602,12.25,8356125,1.51,4999990.0,9.28,0
565233,55.7,8550063.0,1.91,4443414,12.91,12324165,2.39,3220139.0,6.6,0
189740,21.31,3101296.0,1.02,2548594,7.53,2775071,1.65,1770779.0,6.27,0
417787,52.87,7693394.0,1.72,3733141,11.45,10213493,2.32,2187030.0,5.52,0
3255830,33.5,27823862.0,3.54,18015627,18.55,34466244,2.15,9150897.0,12.26,0
3499454,19.15,55988518.0,2.43,44450094,8.23,9544161,0.31,12814983.0,6.53,0
685698,51.06,8822575.0,3.74,4065573,17.42,8817321,2.0,1833252.0,7.81,0
1322623,28.86,6348688.0,8.08,4641004,29.9,17440979,5.25,1599749.0,21.94,0
57383,35.07,2433516.0,0.63,1504274,3.89,1906194,1.59,905919.0,2.37,0
890163,21.03,22211391.0,2.22,18068635,4.95,9204945,0.69,4018711.0,3.96,0
65636,38.58,4167382.0,0.65,2997328,2.39,78579,0.02,1043978.0,1.64,0
180,38.43,2764972.0,0.0,1607981,0.01,1637280,1.2,1083425.0,0.01,0
776806,34.59,3557450.0,22.99,2670735,30.36,3479683,1.99,338422.0,21.83,0
20036199,29.76,479280423.0,3.15,332536140,6.41,185813405,0.74,63657408.0,4.35,1
26888091,35.9,584712347.0,3.24,356586478,7.86,273353806,0.9,79308216.0,4.74,1
5682637,45.15,77324516.0,2.25,48723643,12.22,50201273,1.36,11887635.0,7.56,0
1791710,29.35,13893625.0,2.95,10303758,18.37,13733148,2.15,5533814.0,13.35,0
218012,45.4,15340889.0,0.55,7873126,2.77,8441756,1.18,3978181.0,1.42,0
1103587,39.55,16883503.0,1.9,12109545,9.65,5703546,0.7,5821018.0,6.75,0
1919818,46.28,9245870.0,5.58,6355806,32.71,15498381,3.82,3442310.0,21.54,0
289723,22.3,9012370.0,0.55,7463726,4.16,8113225,2.31,5278698.0,3.49,0
4320555,13.51,36322368.0,4.52,31120337,14.51,16575784,1.15,9266203.0,12.53,0
2134320,54.44,44200637.0,1.62,24954701,9.01,51866839,2.4,13323476.0,4.86,0
674660,30.35,104909990.0,0.21,70868031,0.96,17583092,0.58,32848502.0,0.65,0
5430211,15.44,13066420.0,31.97,12204094,44.67,2233540,0.44,1386000.0,40.81,0
65067,64.56,7095303.0,0.2,2609608,-3.96,1236441,0.17,1846776.0,-1.47,0
742587,38.72,35553199.0,1.39,22359392,3.34,17322986,1.01,5914771.0,2.09,0
715152,53.98,12175162.0,3.24,6604117,5.93,4980018,0.71,2272283.0,3.14,0
353094,53.79,5473347.0,3.2,2581337,14.06,3406532,1.25,912745.0,6.51,0
16364,20.43,1242489.0,0.22,972295,1.69,1055758,1.61,751219.0,1.35,0
2014576,5.91,4635081.0,23.16,3829882,56.4,4056858,0.73,852812.0,46.27,0
21553709,25.66,531820428.0,3.34,395452529,5.81,253294668,1.03,58611863.0,4.23,1
-1312802,7.78,6532866.0,-4.88,5794990,-21.2,1008157,0.29,2689547.0,-19.12,0
287319,34.02,10354080.0,3.51,6565723,4.49,6166478,1.28,838400.0,2.89,0
119613,32.73,5298401.0,1.59,3585661,3.36,2120901,0.84,741389.0,2.25,0
-389742,4.34,5565765.0,-2.55,5421970,-7.11,656406,0.0,1529229.0,-6.89,0
310881,42.95,2121080.0,6.29,1216621,26.45,2664416,2.45,494000.0,14.83,0
196227,,1975262.0,3.15,1458936,,1531351,,678453.0,,0
12980539,52.9,616955270.0,1.62,269424640,4.86,206769281,0.78,53528751.0,2.12,0
62551,16.9,1387560.0,0.95,1138609,5.55,416256,0.49,630000.0,4.56,0
-162038,56.4,2737080.0,-1.23,1040486,-15.4,1558963,2.1,1321124.0,-5.98,0
58588,32.28,4416425.0,0.27,3119690,1.89,702471,0.31,2200000.0,1.32,0
-343732,45.3,7210490.0,-1.85,3617737,-8.11,20370,0.06,1853422.0,-4.19,0
-353043,28.48,3147085.0,-1.86,2558563,-10.44,1035869,0.57,1899419.0,-8.5,0
-228235,74.13,2232986.0,-4.2,407391,-53.42,100142,0.16,568343.0,-10.24,0
364492,32.35,13579128.0,1.22,9087368,4.18,2149213,0.27,3000413.0,2.77,0
354023,8.56,3335725.0,2.56,3003190,13.48,202723,0.33,1384000.0,12.2,0
15844,80.6,4804207.0,0.0,796172,1.67,1154819,0.35,750000.0,0.32,0
2095306,20.48,79462058.0,1.25,61483588,3.65,28783492,0.85,16846646.0,2.78,0
-21435,15.73,1007903.0,-0.17,830205,-2.55,15053,0.03,1397801.0,-2.11,0
179648,71.9,11672964.0,1.88,2706849,6.61,1631881,0.28,956340.0,1.57,0
356977,40.95,11237184.0,1.76,6397640,5.64,605384,0.09,2033713.0,3.18,0
45919,11.92,1866081.0,0.45,560237,8.17,98432,0.0,1024115.0,3.29,0
-243523,0.69,2405928.0,-2.65,2230790,-10.76,113119,0.11,920000.0,-10.33,0
971261,44.69,46874462.0,0.57,25277681,3.9,17628221,0.9,16568159.0,2.09,0
-292272,56.8,2388768.0,-2.46,964789,-29.53,1509851,0.87,1008000.0,-11.72,0
76808,57.5,12921260.0,0.25,5514196,1.46,2231333,0.1,3662113.0,0.6,0
-58737,84.63,5690226.0,-0.29,788945,-6.02,569401,0.23,1353430.0,-0.84,0
-424828,37.33,17398746.0,-0.38,11476477,-3.75,8373609,1.13,9573029.0,-2.5,0
-57906,17.41,1970847.0,-0.44,1592896,-3.63,917470,1.18,1306660.0,-2.94,0
-7438,63.4,4085885.0,-0.05,1538654,-0.49,490557,0.22,1377095.0,-0.18,0
-414333,44.17,17844807.0,-0.48,10429215,-4.05,13559461,1.4,9144872.0,-2.29,0
-127030,88.94,6364291.0,-1.46,1084525,-12.31,1929151,0.65,878125.0,-2.06,0
-423066,22.96,9045576.0,-2.14,7269509,-5.86,7019373,1.6,1980000.0,-4.68,0
97497,7.6,2749971.0,0.74,2514111,3.95,1271905,1.27,1326414.0,3.66,0
15301,2.93,1355776.0,0.15,1293259,1.18,219411,0.03,1006151.0,1.15,0
-38295,25.45,1992198.0,-0.31,1527087,-2.56,1204928,1.65,1298338.0,-2.01,0
-40115,25.15,8926635.0,-0.07,6525869,-0.62,7675607,2.07,5500014.0,-0.45,0
68064,76.13,6711723.0,0.73,1288189,5.5,716457,0.32,937200.0,1.01,0
556686,59.33,17780814.0,2.89,7763198,8.19,2707215,0.45,3016476.0,3.67,0
-183707,49.64,5993026.0,-0.58,2931160,-6.42,1783734,0.91,3586289.0,-3.04,0
-936989,64.19,13565096.0,-1.94,3806320,-23.03,7343877,1.12,5098341.0,-6.89,0
61102,9.78,2634240.0,0.33,2247837,2.73,441609,0.39,1732684.0,2.35,0
-206633,66.63,17847430.0,-0.54,5454783,-3.75,8594659,1.0,3845657.0,-1.17,0
-25072,16.62,1917878.0,-0.24,1711413,-1.46,425282,0.51,1036073.0,-1.3,0
40489,54.67,3420333.0,0.38,1579597,2.59,2635433,1.68,1111573.0,1.2,0
164775,63.22,8112920.0,0.72,3332000,5.08,8598587,1.75,2336247.0,1.97,0
45183,54.3,2867261.0,0.26,1257998,3.56,961757,0.7,1604053.0,1.62,0
35414,16.35,1173413.0,0.41,966140,3.71,630757,1.23,857670.0,3.12,0
396093,48.75,1595001.0,2.63,1043367,39.45,1085366,1.28,1504145.0,22.49,0
-425124,68.36,1794920.0,-8.66,260628,-196.35,329104,0.5,860528.0,-29.05,0
-355198,34.55,5038874.0,-2.45,3279999,-10.45,5970540,2.36,1471535.0,-6.7,0
100880,47.54,3862094.0,0.83,1995694,5.12,2858477,1.63,1298970.0,2.63,0
3910,67.14,435455.0,0.24,350092,1.08,168113,1.59,560168.0,0.9,0
4254534,22.28,26446425.0,15.51,19167984,23.13,28175401,2.13,2743671.0,16.67,0
2078913,37.66,18635811.0,9.35,10164164,21.09,24924170,3.26,2198566.0,11.72,0
1596946,39.46,42057817.0,2.93,25700345,6.27,25684003,1.11,5209722.0,3.85,0
3811648,37.73,105679071.0,1.81,67625232,5.65,45823430,0.85,19676929.0,3.6,0
-370361,67.69,2289883.0,-2.19,902840,-40.13,855851,0.74,1631618.0,-16.09,0
1345347,47.27,23916553.0,3.2,12042300,11.33,15318751,1.09,4108200.0,5.75,0
-128179,89.92,2218122.0,-0.55,184737,-67.05,1188984,1.23,2367025.0,-5.8,0
1551301,61.35,29541235.0,3.59,10903546,15.31,15390789,1.05,4761343.0,5.46,0
320145,46.53,6119464.0,1.51,3327346,9.74,5113892,1.42,2174540.0,5.14,0
822190,50.01,9541148.0,4.5,3761193,23.11,11374207,1.97,1814735.0,9.37,0
28653,17.67,473379.0,0.83,407295,7.08,820184,2.51,343948.0,6.09,0
202305,26.74,4823283.0,0.76,3367379,6.16,3383919,1.19,2278250.0,4.33,0
457514,60.65,8692352.0,1.75,3547016,13.21,8471592,1.26,2610585.0,4.91,0
159750,47.72,3669776.0,2.1,1760329,9.25,4797165,2.58,762300.0,4.38,0
286687,70.94,22745135.0,0.84,6704926,4.33,14446208,1.29,3128979.0,1.27,0
36537,54.16,5033319.0,0.21,2203927,1.67,1908786,0.82,1653104.0,0.72,0
324045,18.48,5284732.0,4.41,4323976,7.67,1052991,0.43,734001.0,6.27,0
178317,38.24,1847517.0,2.97,1132693,15.95,1246649,1.2,600000.0,10.04,0
406950,15.88,5089151.0,2.94,4116934,10.01,3589313,0.67,1385706.0,8.17,0
-118019,52.91,5010635.0,-0.61,2184250,-5.37,3210946,1.35,1993310.0,-2.36,0
62077,43.48,1627586.0,0.65,1074091,5.81,609148,0.65,959680.0,3.84,0
594202,55.28,6023970.0,3.92,3251872,18.39,3093583,0.89,965942.0,9.65,0
-55089,16.76,4424494.0,-0.3,3540095,-1.56,1609928,0.87,1836081.0,-1.27,0
791441,63.33,44787320.0,1.47,16002072,5.08,13125899,0.59,3761221.0,1.78,0
-5000,54.42,6428761.0,0.86,2723530,-0.19,2866192,0.85,985475.0,-0.08,0
197435,51.93,6724372.0,1.6,2960256,6.74,8836360,2.58,1237426.0,3.1,0
285560,61.38,18351175.0,1.12,6407043,4.51,5211042,0.61,2545175.0,1.58,0
879196,25.4,5445598.0,10.75,3990104,22.55,7119214,2.52,820684.0,16.29,0
-12302,84.34,458269.0,-0.57,172935,-6.99,275762,0.61,264105.0,-2.69,0
-18592,60.81,4436747.0,-0.28,1251074,-1.47,2293323,1.21,653700.0,-0.42,0
-20657,13.24,1566895.0,-0.24,1336100,-1.55,311106,0.7,854736.0,-1.33,0
456555,58.81,3839724.0,5.79,1714454,27.57,5271945,2.33,788000.0,12.09,0
845641,25.43,7981683.0,13.76,5054478,17.06,6965819,1.63,605356.0,10.74,0
539476,41.89,9452848.0,3.63,4735991,11.58,5156550,1.11,1410775.0,5.93,0
10300,53.46,3146395.0,0.1,1479953,0.7,1756718,1.06,1030865.0,0.33,0
974682,42.95,11770911.0,7.81,6241835,16.15,9663341,1.63,1237242.0,8.81,0
685775,53.84,12308522.0,4.39,6465981,10.73,5205033,0.83,1104004.0,5.52,0
173670,52.86,2673908.0,2.64,1292135,13.66,1725729,1.05,653566.0,6.55,0
516530,42.15,16394386.0,4.81,8763942,6.16,8184273,0.99,1106175.0,3.28,0
4844203,54.47,41430981.0,25.63,22491128,22.59,19103001,0.7,1890250.0,11.97,0
-1550068,67.96,4750887.0,-13.57,909252,-128.35,4677501,1.14,1109783.0,-27.92,0
203095,,3509341.0,2.51,2113058,,1381885,,811876.0,,0
1318056,69.24,13251988.0,11.69,4869862,29.84,13123756,1.4,1326523.0,10.8,0
326569,36.58,8341380.0,2.05,5424937,6.06,2244267,0.58,1916880.0,3.82,0
1835995,45.28,12614809.0,4.86,8094071,23.11,7670020,1.02,3872000.0,14.65,0
7005801,43.1,151564006.0,2.04,87280830,8.4,112546603,1.75,32260002.0,4.78,1
371697,35.71,12343475.0,0.76,7923083,4.85,7440063,1.16,6327735.0,3.08,0
1033720,59.65,25204203.0,1.45,9130044,11.6,18300805,1.53,5950680.0,4.24,0
78618,22.59,5982799.0,0.23,4208206,1.88,2074046,0.64,3227358.0,1.3,0
517169,20.28,6142370.0,1.64,5296315,10.05,4567162,1.05,3160801.0,8.67,0
355605,17.44,6567985.0,1.36,5357483,6.67,5488349,1.46,2691134.0,5.36,0
328750,35.35,3417234.0,2.67,2029888,16.72,3165977,1.96,1230480.0,9.8,0
1703,46.95,2776143.0,0.01,1506404,0.11,2682733,1.69,1941485.0,0.06,0
146273,38.17,3041241.0,1.02,1797135,8.24,2984283,1.83,1442332.0,4.94,0
241980,11.27,5036954.0,1.0,4615594,5.48,2822947,1.0,2408647.0,4.94,0
156239,66.19,9253342.0,1.12,3138916,5.07,9207346,2.17,1395876.0,1.68,0
559500,48.7,12356914.0,1.88,6626859,8.48,8181056,1.21,2980811.0,4.57,0
995601,73.09,25340484.0,3.84,6955389,14.96,17621763,1.34,2941330.0,3.99,0
1895095,34.23,13104121.0,9.34,7978454,24.75,9168195,1.44,1362864.0,15.1,0
174129,52.83,11878285.0,0.76,5796077,3.01,4034992,0.6,2284419.0,1.45,0
539660,35.88,11120153.0,1.16,7484947,7.28,8481829,1.35,4770163.0,4.88,0
-1471647,54.63,34103627.0,-1.22,14911806,-9.67,18763159,1.12,8857031.0,-4.17,0
205022,40.26,13226389.0,0.39,8388383,2.48,7769066,1.18,5477522.0,1.56,0
721519,53.64,14955981.0,1.7,7107429,10.11,17484401,1.99,4204926.0,4.84,0
91433,6.27,2484080.0,0.61,2339296,3.96,475644,0.42,1509517.0,3.72,0
2399546,41.89,24281825.0,1.68,16343964,14.76,25849191,1.99,10168248.0,9.94,0
2493217,59.25,56188625.0,2.05,23238302,11.08,38370366,1.3,12402795.0,4.55,0
625560,32.93,7049447.0,2.93,4905835,12.99,4305400,0.99,1786961.0,9.01,0
524306,46.36,4799421.0,2.43,2477377,19.67,2752601,1.36,1889952.0,10.75,0
2452881,32.95,76346127.0,2.5,51308711,4.79,10169742,0.3,9800000.0,3.22,0
708027,39.14,11642873.0,3.09,6810426,10.67,5363774,1.11,2369044.0,6.13,0
25477,28.02,3140270.0,0.2,1946526,1.31,1746339,1.19,1278139.0,0.8,0
249050,36.12,5342572.0,1.37,3430670,7.52,7072520,2.75,1818300.0,4.73,0
830516,13.97,10286126.0,5.13,8763190,9.64,7987996,1.41,1620000.0,8.3,0
-153895,41.61,2298098.0,-1.26,1268603,1.32,1772950,1.58,1082500.0,0.72,0
383850,33.02,2595403.0,5.51,1868498,20.83,3058759,2.33,632339.0,15.03,0
171002,35.75,2476266.0,1.29,1876050,9.21,1065325,0.72,1329152.0,6.96,0
38595,23.78,650622.0,0.91,490521,7.97,620713,1.75,424439.0,6.06,0
94629,40.42,2651442.0,0.95,1646167,5.8,2005337,1.37,999502.0,3.58,0
-172559,45.87,6126915.0,-0.17,3143823,-5.51,2388452,0.69,1677221.0,-2.81,0
74010,49.53,3055063.0,0.74,1484544,5.1,2363415,1.91,993880.0,2.44,0
747354,66.08,31187089.0,2.24,10281725,7.66,28366756,1.59,3036166.0,2.44,0
374589,19.06,7797719.0,1.83,6364228,5.95,3130347,0.68,2000000.0,4.89,0
27901,28.91,3073954.0,0.36,1239967,2.28,1568637,1.46,767391.0,1.12,0
532063,41.4,3147140.0,6.86,2498663,21.7,1543589,0.6,775600.0,17.35,0
1174007,29.61,8237310.0,6.52,5764974,21.02,7778275,1.87,1800000.0,14.82,0
56019,40.81,1892973.0,0.65,1098867,5.17,1380972,1.53,703470.0,3.0,0
63311,28.19,956470.0,0.91,860227,7.45,457691,0.68,694650.0,6.71,0
128005,26.91,1890726.0,2.1,1404181,9.21,466881,0.41,610050.0,6.81,0
282067,12.12,11846763.0,0.36,10529403,2.68,3082928,0.42,7907392.0,2.37,0
1029651,56.78,19753418.0,4.22,8745414,12.11,10728583,0.85,2453540.0,5.37,0
2460548,50.34,89929777.0,0.85,46800197,5.81,41907654,0.82,29080608.0,2.97,0
-61775,54.99,1377771.0,-0.62,604837,-10.07,219762,0.16,1002654.0,-4.57,0
-402867,40.15,9894776.0,-0.93,5516902,-7.35,3609001,0.82,4337821.0,-4.09,0
117248,81.06,36797990.0,0.32,5070936,2.36,7656236,0.24,3699966.0,0.33,0
-96123,20.88,4295774.0,-0.36,3469158,-2.77,1860523,0.86,1670419.0,-2.23,0
79404,47.71,10738661.0,0.24,5951582,1.36,5102207,0.87,3698536.0,0.74,0
220056,33.02,2549013.0,3.04,1715527,13.01,2306521,1.61,726000.0,8.64,0
-135685,61.75,7521993.0,-0.52,3412685,-4.59,159473,0.05,2600391.0,-1.92,0
3743869,56.93,61005820.0,3.36,26786556,14.24,40074390,1.16,11082745.0,6.23,0
-312392,44.06,32670233.0,-0.18,16985754,-1.85,18616694,1.16,11028353.0,-0.99,0
93259,32.17,8355580.0,0.62,6372862,1.73,1245461,0.39,1510000.0,1.27,0
6603903,58.06,123771210.0,3.14,58287999,11.73,73234546,1.07,16603715.0,5.41,0
927510,68.28,73676851.0,0.77,25423046,3.88,41600592,1.17,12776857.0,1.28,0
2257833,50.17,636082697.0,0.05,323106981,0.71,314783301,0.96,157731290.0,0.36,1
3556583,49.04,44421087.0,3.52,27707825,13.46,42866290,1.63,10587599.0,8.0,0
-484760,72.97,12939217.0,-0.89,7424561,-6.7,5589791,0.51,5306516.0,-2.95,0
-32794,52.64,6662194.0,-0.16,2772158,-1.26,962510,0.4,2008523.0,-0.54,0
79210,30.55,6038411.0,0.22,4548719,1.93,2260596,0.86,3596222.0,1.44,0
522395,38.29,18271473.0,0.79,10995110,4.82,19228310,1.64,6476554.0,2.85,0
263036,60.47,10745473.0,0.75,4131457,6.55,8054615,1.45,2877740.0,2.48,0
630701,70.26,14723286.0,3.26,4807058,13.5,13242169,1.97,2000000.0,4.28,0
528260,52.18,27100057.0,0.37,15233274,3.64,36790154,2.37,14355444.0,1.93,0
2619426,14.81,23013862.0,4.5,19468210,13.76,27298051,2.24,5815994.0,11.73,0
65923,39.89,9386739.0,0.04,5271719,1.29,3493012,0.84,3418675.0,0.72,0
392144,50.32,6777379.0,1.76,3144355,12.82,5073767,1.24,2225261.0,5.76,0
-219823,38.45,8162208.0,-0.39,5451198,-4.04,7930384,2.2,4797520.0,-2.63,0
517588,67.23,84032370.0,0.39,27831114,1.88,55421795,1.25,18905695.0,0.62,0
26843,46.37,1923232.0,0.28,1136592,2.38,1184430,1.01,975000.0,1.37,0
-209678,67.38,1754625.0,-0.75,434108,-47.3,803775,1.06,2811673.0,-12.2,0
-101458,64.84,98131485.0,-0.44,36956956,-0.3,59234909,1.33,16584659.0,-0.1,0
602547,60.07,6565820.0,1.85,3006687,21.1,8690155,2.67,3257148.0,9.25,0
253371,9.21,10066823.0,0.77,8910744,2.88,9381644,1.82,3211800.0,2.57,0
108351,62.45,11667992.0,0.38,3909369,2.82,10560947,1.95,2805260.0,0.95,0
845733,57.67,19893273.0,2.69,8101430,11.22,9852311,0.89,3082226.0,4.38,0
75993,16.18,2076932.0,0.58,1708979,4.47,3266944,2.45,1305215.0,3.63,0
19810,17.8,1195584.0,0.25,1041869,1.93,757773,1.19,806945.0,1.66,0
423567,38.66,13212563.0,1.04,9089375,5.23,12717152,2.33,4371307.0,3.34,0
149541,56.35,8303616.0,0.87,3540413,4.32,7600525,1.76,1812645.0,1.87,0
1698779,51.06,48037782.0,6.05,27389394,6.57,21266659,0.74,3308663.0,3.52,0
1164589,15.68,13375276.0,12.22,11121041,10.59,4801405,0.65,952971.0,8.9,0
-77498,56.79,12530665.0,-0.48,5188680,-1.52,7237623,0.89,1630142.0,-0.63,0
40157,58.87,8415947.0,0.26,3259089,1.26,7433603,1.84,1563868.0,0.49,0
844378,61.26,32025140.0,1.05,10787307,7.94,9695119,0.71,8339349.0,2.69,0
111477,46.19,14575805.0,0.24,7543425,1.81,5704663,0.58,4733292.0,0.95,0
215261,49.4,29268382.0,-0.03,15858659,1.38,24024443,1.59,8257099.0,0.74,0
676010,33.55,50187227.0,0.75,33819562,2.02,17105502,0.78,9847336.0,1.35,0
6001203,52.47,151325153.0,1.85,80975281,7.63,96209056,1.16,32414155.0,3.99,0
972225,55.3,42390039.0,1.07,19109727,5.15,30260185,1.35,9094100.0,2.3,0
901716,16.75,12257115.0,2.62,11182259,8.2,3282255,0.37,3423260.0,7.47,0
3620225,18.04,14409854.0,7.21,11287410,35.28,14402725,2.07,4924167.0,28.15,0
561919,43.56,8049717.0,1.33,4524978,12.84,4882864,1.25,3323492.0,7.2,0
523696,14.47,2916069.0,7.39,2525111,21.84,1596510,1.08,709016.0,18.92,0
594759,44.52,4725135.0,6.58,2719423,22.6,2602257,1.24,903664.0,13.36,0
4839562,81.82,301322746.0,2.8,64875320,7.84,82597514,0.46,10000000.0,1.61,0
3540548,18.07,54597693.0,6.01,45706644,7.85,30874600,1.0,5536203.0,6.61,0
2051856,62.94,44018077.0,2.41,16066789,12.89,40774917,1.44,8030776.0,4.67,0
-1600087,81.59,37247566.0,-3.38,5008081,-30.2,25296629,0.84,4730555.0,-4.39,0
1404259,,24053202.0,2.65,16797569,,9349649,,3994260.0,,0
6540938,24.49,27764630.0,21.8,21674551,32.34,29660638,2.01,3000000.0,23.49,0
98938,22.55,5494037.0,1.3,3681694,2.75,3423476,1.52,757803.0,1.84,0
250171,37.04,7527861.0,2.03,3568748,7.13,3340199,1.0,1219166.0,3.19,0
359289,31.08,4281814.0,6.23,2839481,12.98,2538399,1.05,602881.0,8.71,0
27288,42.66,2263862.0,0.69,1298763,2.1,1181611,1.36,457597.0,1.22,0
825466,56.66,32363922.0,4.07,13445532,6.29,21644152,1.27,1180070.0,2.62,0
6546,,2364110.0,0.08,1678002,,847271,,872753.0,,0
-284892,75.02,3902206.0,-6.23,551109,-43.62,757591,0.88,456685.0,-7.78,0
1070976,,18549908.0,14.5,11356644,,39561996,,807087.0,,0
107544,,3033070.0,5.2,988387,,3623549,,220000.0,,0
9829204,60.01,176067237.0,4.31,74141514,13.29,157133623,1.65,23508670.0,5.57,1
105636,17.17,2146524.0,0.64,1738886,6.25,759358,0.44,1663029.0,4.86,0
27180412,44.02,377516375.0,2.42,235773102,11.9,176820914,0.68,124224015.0,7.29,1
21579,23.9,2901120.0,0.08,2214923,0.98,582434,0.3,2056608.0,0.75,0
27384339,43.94,336416215.0,9.81,178589641,15.58,282605493,1.48,25975433.0,8.24,1
240132,73.35,99275157.0,0.11,24987998,0.97,128219874,2.44,14670052.0,0.24,0
4664701,57.95,66395616.0,3.91,29146571,16.45,60516929,1.56,11918206.0,7.09,0
-95415,47.15,5399783.0,-0.42,2419530,-3.88,3949997,2.03,2280283.0,-1.84,0
414059,41.32,12572852.0,2.14,7350506,5.71,4784973,0.71,1827405.0,3.3,0
114325587,57.85,3674275590.0,7.34,1474146409,8.03,5358023065,2.66,138629906.0,3.26,1
-34701,72.5,1902890.0,-0.9,478995,-7.32,1075547,1.23,945997.0,-1.8,0
124827,23.27,24805009.0,0.1,19321651,0.66,9401027,0.52,11588812.0,0.5,0
10409512,70.01,466925698.0,2.15,115989650,9.14,1048929251,4.23,44071466.0,2.31,1
13003182,52.02,183030890.0,27.58,69499336,19.06,67672108,0.7,4969841.0,7.14,0
790495,42.0,20679624.0,1.28,12788294,6.29,20547713,2.08,5183462.0,3.88,0
-266123,61.89,14483819.0,-0.48,7602768,-3.99,13851909,1.91,7372225.0,-1.87,0
518158082,28.38,2760711405.0,19.97,1850621999,28.48,1339254811,0.7,259303805.0,19.2,1
65950,52.82,23749910.0,0.11,11086684,0.59,25995735,2.08,5574030.0,0.28,0
1310560,43.19,15950230.0,1.9,9740355,14.18,15179443,1.84,6519961.0,8.51,0
5325612,46.43,65892218.0,2.9,36194392,15.03,39800947,0.97,18561864.0,8.29,0
486307,45.49,9069965.0,3.34,3416690,15.28,4666756,1.07,2527136.0,6.01,0
575129,29.48,10641427.0,1.52,7693326,7.7,5590046,0.93,3786228.0,5.4,0
219533,28.82,2962981.0,1.42,2177973,10.46,1845652,0.83,1561651.0,7.58,0
1519043,39.07,126043240.0,0.33,70592687,2.27,60683171,0.83,39800002.0,1.23,0
5048640,56.63,31122969.0,9.07,14483073,36.72,54462872,3.45,5594564.0,16.88,1
8538386,64.83,159675713.0,4.89,56850168,15.66,334200976,3.97,16679470.0,5.54,0
1431116,62.71,9208138.0,15.1,3358857,47.09,3747452,0.59,967836.0,17.14,0
-801727,46.7,19551669.0,-1.29,10287946,-7.65,6578209,0.62,6936797.0,-4.03,0
401381,42.56,10575718.0,1.92,6011354,6.77,8450611,1.48,1821403.0,3.85,0
6366561,64.69,170811949.0,2.54,58963220,10.79,191701702,2.19,19667820.0,3.83,1
6145610,62.08,183908672.0,2.01,61941964,10.17,277112477,2.55,30478538.0,3.46,1
4686123,34.01,169109720.0,3.34,110268755,4.45,104789599,1.0,14144852.0,2.8,1
45702,31.89,22477318.0,0.12,15306104,0.3,15313285,1.36,3974954.0,0.21,0
6572978,70.5,214161437.0,2.1,57890743,11.34,508294198,4.37,35874751.0,2.95,1
28386878,47.93,396514716.0,35.76,214641551,12.59,412780439,1.76,7427603.0,6.57,1
10429,58.44,3145443.0,0.11,1214920,0.85,1920858,1.13,946162.0,0.33,0
30390,20.66,6482437.0,0.12,4869154,0.62,3527149,1.06,1714711.0,0.47,0
2380957,41.87,28128883.0,5.56,16388693,15.02,15532543,0.92,4212945.0,8.65,0
666944,60.36,94266222.0,1.12,39879138,1.69,20238946,0.38,6697630.0,0.69,0
-300090,1.07,17594109.0,-0.47,17507575,-2.06,160171,0.05,6309675.0,-2.04,0
15432,77.88,1168651.0,0.11,256428,6.12,863359,1.19,1959324.0,1.32,0
146905,14.71,3697542.0,0.64,3002175,4.85,1653269,0.67,2245285.0,3.91,0
-1435460,54.68,23834297.0,-2.32,9671800,-14.62,14386972,1.58,6194072.0,-6.08,0
2066612,65.73,21649496.0,3.82,9265636,22.79,23398323,1.57,5464879.0,9.33,0
-163140,35.61,7645260.0,-0.44,5133515,-3.16,5457586,1.0,3801023.0,-2.12,0
-4988030,75.92,110555435.0,-0.46,23841188,-20.13,31641355,0.5,23395367.0,-4.55,0
1558735,51.06,18062909.0,6.4,8924147,18.26,12950974,1.4,2362025.0,8.86,0
-444902,33.42,9131183.0,-1.63,5896458,-7.5,3442017,1.15,2823628.0,-4.82,0
581393,40.49,13698167.0,3.42,7641614,7.75,4466552,0.64,1358442.0,4.31,0
4331235,35.42,49429157.0,6.88,27413122,16.34,84602841,2.79,6356889.0,8.74,1
7959505,48.61,78397515.0,9.42,35539852,23.11,146502789,3.44,8448562.0,10.34,1
8793526,62.92,78095917.0,17.24,29468746,30.88,77759470,1.42,5106849.0,11.03,0
-412653,45.17,2697041.0,-2.36,1100865,-37.63,1835372,1.06,1794441.0,-15.65,0
25390060,76.91,663857379.0,6.57,150292855,17.32,1090858851,2.87,38626274.0,3.92,1
3694270,47.34,27856806.0,11.33,16755509,22.88,27200786,1.72,3329183.0,13.62,0
6567771,55.36,75441996.0,7.8,32671682,20.62,95082227,2.19,7394603.0,8.91,0
1293318,53.89,22187577.0,6.39,8446762,15.95,21179505,1.49,1962980.0,6.04,0
4844834,57.13,18442050.0,9.57,10574427,67.31,6502715,1.04,4951858.0,35.31,0
195323,21.19,2928608.0,0.91,2351289,8.41,531099,0.41,2140216.0,6.74,0
1884368,61.47,82262102.0,4.06,30083888,6.36,89552100,2.16,5123269.0,2.25,1
1249680,39.35,30267150.0,2.79,17938690,7.06,21637035,1.29,4433931.0,4.22,0
7302987,30.68,50199385.0,9.4,35046423,21.45,51119408,2.05,7722545.0,14.91,0
477833,38.59,8084004.0,3.54,5033639,9.55,8349522,1.72,1146889.0,5.91,0
145600,26.1,2808277.0,0.8,2149432,6.64,2104572,1.29,1781000.0,5.15,0
618827,16.69,12620589.0,0.55,10019001,6.29,6414140,0.48,5919949.0,5.01,0
120190,30.99,9460234.0,0.4,5703484,2.13,5502842,1.26,3075366.0,1.33,0
4091332,62.15,27048567.0,21.16,10151518,42.14,35836642,1.82,1905867.0,15.42,0
62105,22.4,3913584.0,0.17,3398052,1.85,1744376,1.3,3434273.0,1.61,0
-560980,65.16,15674046.0,-2.17,5858681,-10.1,9554735,1.01,2859057.0,-3.74,0
7686041,7.93,165631980.0,2.51,153812027,5.0,61005514,0.55,30972203.0,4.62,1
2907427,52.73,407270295.0,0.36,193790365,1.55,270955381,1.18,96242451.0,0.73,1
34705543,19.07,506377992.0,4.31,389258457,9.03,207608998,0.76,77574465.0,6.91,1
-13831,67.25,4611671.0,-0.1,1589361,-0.89,3801959,1.33,1273592.0,-0.3,0
371786,55.7,7165650.0,2.25,3238542,11.64,21557473,4.58,1617358.0,5.02,0
87210,59.56,5590680.0,0.66,2080241,4.23,1964549,0.79,800000.0,1.63,0
1617691,17.23,7998126.0,6.41,5719177,29.63,7051145,1.06,1928923.0,20.08,0
402659,44.09,12555955.0,0.87,5582887,7.35,10278461,2.07,3289862.0,3.28,0
444452,46.87,5568202.0,2.9,3251623,13.92,2475359,0.79,1526487.0,7.56,0
851650,55.2,10419061.0,3.39,4594129,18.93,12781281,2.21,2509297.0,8.3,0
199070,25.06,3688376.0,1.37,2326668,8.69,2306140,1.43,1450472.0,5.96,0
-141504,59.26,583468.0,-7.73,129127,-136.82,17978,0.07,189670.0,-30.64,0
183413,27.77,2911546.0,1.51,1933668,9.76,4672310,3.19,1014988.0,6.44,0
307901,40.28,6208768.0,1.02,3946162,7.86,2428616,0.73,3006223.0,5.06,0
115687,51.56,4398765.0,0.63,2222870,5.21,3021959,1.06,1843145.0,2.66,0
1380603,25.55,11030660.0,10.81,7444787,19.25,5920258,1.18,1281127.0,13.06,0
-69543,66.76,973199.0,-1.63,314872,-24.11,900394,1.83,397482.0,-7.68,0
308372,64.62,13974028.0,1.85,4786957,6.5,19542720,2.46,1664688.0,2.22,0
46775,40.43,2297477.0,0.42,1376748,3.41,2298426,2.29,1109270.0,2.06,0
590755,40.21,7948046.0,3.93,4821828,12.66,4050378,0.93,1444960.0,7.51,0
-6266,79.47,552424.0,-0.33,335884,-2.29,133723,0.42,270000.0,-0.94,0
341504,21.83,4309329.0,1.94,3187255,11.15,2619977,1.06,1780100.0,7.94,0
22168,16.21,948088.0,0.07,823324,2.71,379424,0.75,601956.0,2.37,0
1319400,49.61,34155348.0,6.39,12270743,11.11,34444819,2.38,2093332.0,4.03,0
219766,55.31,2184414.0,1.58,1257787,17.94,2990077,2.01,1391173.0,10.44,0
2662311,14.66,21532124.0,4.68,17996719,15.12,14701682,1.09,5688459.0,12.71,0
122004,66.25,11586578.0,0.6,3957910,2.9,5306536,0.68,2400593.0,0.92,0
-454870,30.18,891342.0,-3.09,515245,-76.16,469729,0.71,1456870.0,-45.62,0
-94762,43.84,1866657.0,-0.93,863289,-11.0,1774217,1.59,1055576.0,-5.06,0
3637140,52.43,61315518.0,2.97,29326076,12.8,28959304,0.81,12227451.0,5.98,0
435915,41.78,10175204.0,1.69,5927120,7.46,27007073,4.83,2582527.0,4.27,0
1197735,8.46,20737622.0,2.79,18672026,6.47,11446696,1.12,4290617.0,5.86,0
166842,57.97,4289866.0,1.7,1894704,8.96,5757866,2.3,1000000.0,3.94,0
41438573,31.46,533906327.0,26.01,375084451,11.57,322145988,0.94,15902755.0,8.09,1
532588,34.77,4318600.0,2.88,2901719,18.83,2645003,1.01,1849059.0,12.43,0
1543073,41.3,42072391.0,5.91,25599669,6.12,17437999,0.68,2633292.0,3.68,0
-154613,48.45,10362671.0,-0.46,4744881,-3.28,9243618,2.0,3376884.0,-1.55,0
3193038,32.4,14452190.0,11.14,9273056,36.86,15099690,1.48,3038804.0,23.05,0
502440,44.91,8782477.0,4.25,4859804,10.57,6364618,1.57,1055956.0,5.86,0
-42496,60.03,5198002.0,-0.25,2152906,-1.99,3454386,1.08,1692000.0,-0.82,0
191139,52.21,7959490.0,0.96,3965924,5.25,5439230,1.34,1593246.0,2.51,0
123760,45.73,4910342.0,0.87,2597295,4.8,4526914,1.71,1419346.0,2.54,0
513384,64.49,11208529.0,2.63,4109162,12.71,8908665,2.0,1955312.0,4.67,0
24782,79.02,1668803.0,0.5,316812,8.3,4548266,4.52,535873.0,1.63,0
6368,59.41,4060014.0,0.04,1640392,0.39,1245165,1.06,1563342.0,0.16,0
475245,58.66,6750801.0,2.94,2682492,18.46,4085806,1.21,1492055.0,7.36,0
38776,40.34,1952647.0,0.55,1138068,3.4,2160998,1.94,699612.0,2.14,0
97961,39.57,1302705.0,2.07,771770,12.94,773691,1.02,472539.0,7.74,0
976185,46.0,11565215.0,5.13,7403640,14.16,7822322,1.17,1532635.0,8.59,0
21166068,38.88,255903195.0,27.65,158071602,14.03,82506032,0.61,7616181.0,8.47,1
356967,33.02,8278321.0,1.55,5328057,6.85,4779614,1.12,1849683.0,4.39,0
176048,43.85,9773644.0,0.92,3347399,5.3,3053333,1.08,1982165.0,2.14,0
670135,31.24,9155867.0,4.7,5873989,11.63,5394839,1.01,1447423.0,7.48,0
497618,45.29,5743047.0,4.68,2829012,18.04,5542811,1.94,1063603.0,9.27,0
900541,58.67,17758018.0,2.7,7246732,12.89,10485100,1.01,3328149.0,5.18,0
-30775,35.02,1138866.0,-0.5,729516,-4.17,815658,1.47,620725.0,-2.62,0
84148,34.92,3887911.0,0.76,2381380,3.55,1780115,0.86,1090938.0,2.19,0
161803,25.24,4599558.0,1.02,3139580,5.28,2590872,1.02,1594210.0,3.63,0
-156171,21.25,8687467.0,-0.48,6465638,-2.4,7937362,1.62,3176890.0,-1.78,0
-156591,49.08,6073693.0,-0.75,2902582,-5.42,4197470,1.07,2019586.0,-2.6,0
182405,31.81,3345591.0,2.27,2083808,8.87,1937736,1.42,799994.0,5.45,0
569570,30.14,19108191.0,0.68,12536616,4.64,16747887,1.53,8093620.0,3.04,0
214761,11.12,2172244.0,1.5,1997140,11.48,400282,0.28,820080.0,10.4,0
7217645,39.25,82080495.0,13.66,45654194,16.45,35599249,0.9,4858043.0,9.09,0
308769,30.24,3649044.0,2.7,2354005,13.27,2600664,1.32,1144373.0,8.62,0
-65419,19.26,5119151.0,-0.24,3964347,-1.65,1130547,0.45,2735515.0,-1.3,0
62913,46.82,1263503.0,3.3,811447,7.8,776397,1.04,191854.0,5.1,0
-81921,49.5,2858424.0,-0.69,1339373,-6.17,1633351,1.37,1187985.0,-2.89,0
-6022598,33.64,45066337.0,-7.27,29953576,-19.76,5805708,0.33,8186444.0,-13.25,0
1516787,54.44,59496928.0,1.28,25399128,6.17,13973611,0.34,11595611.0,2.55,0
2550807,42.03,34728910.0,1.9,21330376,12.2,18877800,0.89,11800000.0,7.38,0
4943067,55.75,20309086.0,7.58,9290594,46.38,14277915,0.17,3800000.0,24.25,0
34394,46.15,14497631.0,-0.15,8617130,0.4,2949552,0.0,3870000.0,0.23,0
231789,44.09,7847882.0,1.03,4854325,4.85,1338077,0.37,2245505.0,2.93,0
729513,55.89,52165414.0,0.49,24425362,3.03,11963426,0.38,16233261.0,1.4,0
1128337,54.16,24230420.0,3.05,9533970,12.61,10776324,0.78,3947293.0,4.91,0
598847,53.67,42108717.0,0.4,20415542,2.97,13470962,0.51,15308998.0,1.41,0
-704543,67.96,5929825.0,-3.11,1723117,-39.9,6303705,1.55,2262785.0,-11.77,0
3905137,74.18,57377041.0,6.8,17365557,24.16,27345405,0.44,5037910.0,6.71,0
1684892,62.78,32379214.0,4.48,14662215,11.67,8667849,0.27,3711931.0,5.23,0
373736,52.86,17057882.0,1.49,8303902,4.83,3471930,0.65,2703060.0,2.23,0
-210459,66.44,12289613.0,-0.73,3742191,-6.46,1174984,0.0,3299974.0,-1.75,0
-95668,34.53,8630866.0,-0.32,6400558,-1.98,87377,0.0,5207525.0,-1.37,0
610066,53.12,33823686.0,1.12,13023505,4.74,2771905,0.2,4742280.0,1.8,0
1121231,56.95,19785874.0,3.74,8363767,13.69,15108083,1.09,3339707.0,5.79,0
612668,39.6,23585966.0,1.84,12176754,5.05,3977450,0.26,3328087.0,2.65,0
176390,56.34,12242157.0,0.59,4032863,4.35,1476336,0.18,3005579.0,1.5,0
-125610,64.73,20817742.0,-0.32,6684526,-1.87,506739,0.02,4384488.0,-0.61,0
822140,47.02,18142845.0,1.48,7767161,10.95,4616492,0.72,5589173.0,4.57,0
906148,65.67,15800823.0,6.18,5270479,17.79,4778150,0.3,1466000.0,5.84,0
2823254,76.7,180807358.0,2.11,35800518,7.97,24463018,0.28,12902969.0,1.62,0
51668,72.07,8093466.0,0.15,2171706,2.39,6406216,1.28,2419837.0,0.65,0
1746646,74.97,41530427.0,5.33,11424761,15.61,6456420,0.13,3277348.0,4.25,0
626444,66.88,9433656.0,5.91,3069278,20.84,14130629,2.4,1060357.0,6.68,0
667285,78.09,56793796.0,0.69,12237575,5.54,6772332,0.2,9000946.0,1.18,0
2772769,53.49,36197744.0,10.05,17527537,16.08,11338494,0.99,2768127.0,7.75,0
1089458,52.56,12048273.0,7.48,5705094,20.3,14468066,1.86,1350000.0,9.24,0
-321142,65.35,36403562.0,-0.42,12111345,-2.68,6441828,0.37,6867627.0,-0.91,0
28767310,76.0,334220840.0,5.06,101494293,30.85,207077912,1.08,48980353.0,8.74,0
255092,28.32,21145563.0,0.24,15638425,1.93,3985650,0.3,5853533.0,1.42,0
878425,56.88,60642487.0,1.04,23175494,3.81,8507364,0.27,8450557.0,1.46,0
682563,34.81,35071774.0,0.64,23349617,2.98,6966387,0.39,10671411.0,1.98,0
1570394,53.47,21668904.0,3.21,10822703,14.78,12344210,0.96,4670005.0,7.32,0
12186788,91.06,194975985.0,4.51,36334852,43.22,151276683,1.36,31676622.0,6.27,1
-279814,79.48,284194084.0,0.03,60711573,-0.47,115250550,1.0,54209846.0,-0.1,1
-60982,42.5,4527959.0,-0.1,2723969,-2.39,605824,0.33,1729942.0,-1.39,0
329039,50.22,19483837.0,1.67,9749934,3.37,3131115,0.33,1974846.0,1.68,0
30773,73.86,11171202.0,0.23,3075903,1.01,2830493,0.43,1484235.0,0.27,0
493106,56.73,16223474.0,0.94,6745523,7.39,4728014,0.0,5567899.0,3.08,0
11357488,58.51,108597618.0,5.1,44172342,27.92,81880182,1.48,22182975.0,11.25,1
379889,52.99,10042999.0,2.73,5275744,7.44,15955500,3.5,1372818.0,3.89,0
518147,32.24,16725364.0,1.24,10783235,4.97,2491088,0.36,4172945.0,3.14,0
-3276719,78.07,329567255.0,-0.69,76659529,-4.33,89048776,0.87,48535695.0,-0.99,1
42388,64.72,4385347.0,0.32,1636391,2.6,3895091,1.47,1311710.0,0.93,0
5843037,83.96,427566970.0,1.04,70086656,8.49,39137205,0.19,56282930.0,1.37,0
395858,68.05,44024300.0,0.42,13964272,2.85,21042937,1.07,9418671.0,0.89,0
570727,57.8,7714362.0,4.72,3302990,18.97,15160243,3.25,1257683.0,7.9,0
111414,66.28,82411595.0,0.15,26496236,0.41,11939433,0.27,7464092.0,0.13,0
209015,51.69,3840407.0,2.19,1984272,10.54,3983309,1.79,954670.0,5.48,0
174120,13.83,8780124.0,0.39,7532290,2.34,264691,0.07,4499678.0,1.99,0
-270309,83.14,7032760.0,-2.45,961951,-25.93,741703,0.34,1104856.0,-3.75,0
3255,12.29,13296294.0,0.01,11179079,0.03,2008699,0.42,3669234.0,0.03,0
-374392,86.52,11518462.0,-2.01,1248372,-30.09,1490520,0.32,1865366.0,-3.3,0
160741,13.49,10492529.0,0.32,9027059,1.8,264866,0.06,4999984.0,1.53,0
732868,68.6,10954349.0,5.18,3650028,20.66,5422910,0.99,1274020.0,6.77,0
97370,20.59,1501862.0,0.93,1281367,7.65,573115,0.52,1050000.0,6.57,0
85030,27.07,2570800.0,0.79,1972824,4.38,736669,0.53,1115229.0,3.32,0
998224,54.82,22177263.0,5.64,10671014,9.56,19679455,1.8,1800000.0,4.49,0
255926,65.99,13286194.0,4.61,4097512,6.31,15233747,2.25,769879.0,2.0,0
-415013,74.25,6035251.0,-5.9,1714847,-23.98,6545177,5.9,700000.0,-6.45,0
-351467,87.96,14661296.0,-3.15,1504949,-23.12,2806550,0.5,1115260.0,-2.42,0
108891,70.93,4243026.0,1.44,1320124,8.49,1833643,0.93,754826.0,2.57,0
-1829001,47.46,36156140.0,-2.41,17965226,-9.98,334804,0.02,7609436.0,-5.0,0
14087,12.08,988692.0,0.19,860592,1.64,108989,0.24,730433.0,1.43,0
2544897,70.19,128423769.0,1.38,39788288,6.5,37287949,0.5,14169406.0,2.02,0
159718,29.58,1638028.0,2.31,1038438,15.68,540837,0.62,690344.0,9.86,0
209254,30.92,9153615.0,0.15,5391093,3.95,6607185,1.05,2091111.0,2.29,0
806869,81.96,37661698.0,1.6,6783981,12.02,41790703,1.87,5098875.0,2.15,0
114159,62.29,6259675.0,0.65,2363033,4.89,554440,0.17,2087250.0,1.83,0
-317238,53.18,4860348.0,-1.72,2184059,-14.49,4025561,1.51,1846778.0,-6.42,0
11340258,76.82,209493934.0,9.85,44977699,25.8,258494907,2.36,10396223.0,5.52,1
-17351,35.91,25098488.0,-0.02,15792190,-0.11,311765,0.02,7900000.0,-0.07,0
8091349,28.91,153672049.0,14.85,115606494,7.6,2736394,0.05,5648606.0,5.59,0
1177355,55.64,116503422.0,0.68,54151689,2.23,13419916,0.08,17402970.0,0.99,0
-2221499,29.82,5801578.0,-20.31,3489770,-57.56,2808383,1.5,1094938.0,-37.67,0
246332,57.94,5392630.0,3.24,2644393,9.37,10314597,3.14,765557.0,4.51,0
3114,19.91,1417328.0,0.2,1058501,0.3,1837782,2.23,455487.0,0.21,0
51031,26.7,1898011.0,0.57,1377021,3.72,818717,0.61,1020000.0,2.69,0
366958,29.48,6914031.0,2.32,4871184,7.65,3382931,0.95,1556549.0,5.45,0
59832,61.56,4390290.0,1.14,1873149,3.19,1704031,0.99,526472.0,1.34,0
2668793,45.53,33854933.0,4.4,17993295,15.27,27837743,1.57,5892477.0,8.24,0
1084441,29.96,13000348.0,3.85,8129283,13.54,15267139,2.03,2857589.0,8.52,0
24534131,17.83,171276230.0,182.9,140802158,17.87,55944489,0.7,1341402.0,14.75,1
2046116,61.39,38754969.0,8.03,14908460,14.17,59080920,2.78,2313901.0,5.49,0
-90140,40.8,1824918.0,-0.8,959398,-9.29,1320863,1.31,1127192.0,-5.01,0
80176,49.21,4964039.0,0.4,2460356,3.26,6124518,2.17,1559350.0,1.66,0
935476,24.67,6487655.0,5.83,4809398,20.45,4817829,1.22,1610801.0,15.22,0
692075,42.28,18448479.0,3.55,11492660,6.24,14796460,1.6,1872620.0,3.82,0
25693,36.57,5965564.0,0.09,4045539,0.64,4039180,1.14,2796356.0,0.43,0
2074700,73.75,40676236.0,5.42,11288338,19.14,39665534,1.87,3533101.0,5.24,0
-67479,60.6,1721909.0,-0.8,517849,-12.63,1633103,1.2,731471.0,-4.31,0
608006,21.32,20162647.0,1.41,14959469,4.07,15760061,1.58,2810839.0,3.03,0
95988,49.83,2715993.0,1.03,1255021,7.72,2717038,1.84,940000.0,3.64,0
996362,28.42,10849879.0,5.64,7594686,13.47,5947577,1.04,1765978.0,9.51,0
2183500,54.63,23683043.0,9.08,9768133,23.94,21797542,1.93,2327775.0,9.82,0
43498,29.85,3709704.0,0.17,2614224,1.41,1280877,0.63,2771575.0,0.99,0
78648,20.29,1072143.0,1.11,845598,9.43,598096,0.92,709206.0,7.5,0
1229790,31.9,14629920.0,8.31,9543806,12.9,14830428,1.85,1579908.0,8.59,0
34861,32.09,2448657.0,0.32,1483020,2.34,849824,0.52,988563.0,1.44,0
472025,69.03,19290177.0,2.21,4801558,9.91,34401169,3.29,2138249.0,2.63,0
440398,53.57,5471676.0,3.55,2669412,16.89,9834318,3.07,1256402.0,8.58,0
1092656,18.06,6997303.0,4.63,5702194,19.42,4950695,1.17,2362160.0,15.66,0
133115,19.43,3480064.0,0.74,2819564,4.88,1375687,0.87,1816742.0,4.0,0
559643,56.35,9478533.0,4.21,3647865,15.71,9233174,1.63,1132856.0,5.99,0
699309,75.77,22853830.0,1.9,6074078,11.69,58413402,3.64,3677513.0,3.07,0
11817239,29.43,58100689.0,19.42,39943203,31.34,79955520,2.37,6085115.0,21.68,1
255997,31.67,8199156.0,1.08,6340994,4.27,5495307,1.22,2485503.0,3.2,0
3794576,76.84,131009598.0,5.22,46116381,8.95,353152195,5.62,9232317.0,3.06,1
5317528,56.12,124710224.0,3.74,53100558,10.27,87892821,1.29,15047323.0,4.38,1
232996,46.33,3609189.0,1.57,1980565,11.93,3737299,1.97,1624076.0,6.22,0
399236,10.45,1801374.0,6.34,1677766,24.51,154852,0.24,630000.0,22.82,0
-240957,16.36,3804273.0,-1.26,3099079,-7.72,2071615,0.87,1945399.0,-6.38,0
1429287,34.94,16601711.0,4.61,9655006,15.36,11048392,1.09,3097570.0,8.82,0
-46614,91.17,1125815.0,-0.25,70775,-53.69,1039271,1.67,1948781.0,-4.04,0
6125394,52.31,75249230.0,11.65,36060429,17.4,55547908,1.36,5256059.0,8.29,0
12393778,51.81,184584602.0,4.01,71990212,17.5,132860984,1.37,35124215.0,6.79,1
-65391,57.99,1597659.0,-0.93,601318,-11.26,1756214,2.04,714480.0,-4.19,0
227249,61.36,7612291.0,0.56,3046296,7.49,6313382,1.45,1892408.0,2.96,0
697196,81.85,23332781.0,3.13,3720673,19.21,108522967,8.14,2225726.0,3.21,1
359746,43.43,17429473.0,0.43,9710688,3.75,3086399,0.44,8069485.0,2.15,0
140564,52.38,5485991.0,0.8,2619210,5.35,964940,0.32,1459845.0,2.55,0
16464,86.23,8807966.0,0.05,1245363,1.34,2417836,0.49,3253324.0,0.19,0
322455,63.37,7556282.0,1.59,3141092,10.26,5217591,0.69,2287135.0,4.34,0
-13613,14.83,1003351.0,-0.16,936031,-1.44,276879,0.2,878480.0,-1.35,0
-36086,50.21,6177513.0,-0.48,2360567,-1.53,3700321,1.04,1024419.0,-0.65,0
1024587,66.17,17727722.0,4.9,5215019,21.33,4684643,0.55,2103341.0,5.66,0
-47715,54.57,1566230.0,-0.69,815365,-5.71,963405,1.1,880868.0,-2.94,0
-121984,57.85,5114852.0,-0.76,1871341,-6.45,4163616,1.64,1619374.0,-2.44,0
161508,34.57,14718146.0,0.6,9023853,1.8,6102675,0.77,2794973.0,1.11,0
-281631,40.48,4671659.0,-1.85,2886807,-9.66,3889506,1.7,1375632.0,-5.99,0
23575,31.56,8024343.0,0.07,5393762,0.44,4834151,1.27,3286054.0,0.29,0
627543,39.5,7801323.0,3.36,4515870,14.55,9241488,2.08,1786572.0,8.36,0
127301,,4241380.0,1.58,1694256,,2651387,,832810.0,,0
33436,10.48,1160407.0,0.41,1043786,3.21,233542,0.34,846321.0,2.9,0
256170,42.02,2657524.0,7.8,1465739,17.88,1634481,1.15,331907.0,9.96,0
111752,,1817239.0,2.63,1157790,,1121773,,466957.0,,0
-293123,60.94,4047291.0,-1.42,1537293,-20.83,2448536,1.27,2063936.0,-7.52,0
60215,7.83,1612823.0,0.69,1481872,4.1,325191,0.38,863414.0,3.77,0
415518,55.06,5495311.0,5.23,2082436,21.66,2427607,0.85,801341.0,8.33,0
929443,30.85,42783952.0,1.21,29189559,3.2,27098474,0.92,4508625.0,2.19,0
451051,73.2,12585068.0,2.51,3435870,13.44,41948823,5.79,1891813.0,3.37,0
-230284,34.16,644483.0,-2.27,349997,-57.09,390868,1.03,935159.0,-33.38,0
12907896,75.62,428822445.0,3.1,83926079,15.64,845011844,4.36,28406121.0,3.25,1
239751,7.88,1794488.0,3.34,1560602,15.81,1071450,0.72,727390.0,13.71,0
143161,48.95,11328094.0,0.4,5632218,2.54,3216269,0.32,3523143.0,1.26,0
22475,31.99,2462120.0,0.23,1466532,2.79,2511738,2.17,967244.0,1.69,0
178533,43.98,6633285.0,1.51,3671295,4.95,5280588,1.43,1182653.0,2.7,0
-87435,53.48,1525201.0,-0.89,698998,-12.25,329881,0.61,985696.0,-5.68,0
-366258,24.64,2879759.0,-6.1,2092028,-17.55,1734002,1.19,600000.0,-13.06,0
197574,70.35,5517181.0,1.58,1487677,13.58,13678646,4.6,1251140.0,3.73,0
-272816,68.65,2349020.0,-2.15,939655,-34.3,1858643,1.46,1561448.0,-11.41,0
225236,62.94,4388662.0,2.58,1687167,13.64,5257058,1.9,878283.0,4.99,0
12315,70.02,5506040.0,0.16,1816821,0.76,4345852,1.5,845309.0,0.24,0
161277,42.96,2464853.0,1.78,1759768,9.37,1157285,0.82,898257.0,6.5,0
1672971,31.14,22410520.0,9.05,15720043,10.87,15232783,1.05,1920263.0,7.61,0
725103,43.81,27005583.0,1.03,12738331,5.78,32170649,1.37,5417185.0,2.71,0
-284890,85.4,2975956.0,-4.07,200592,-136.42,551501,0.38,700000.0,-9.54,0
3041011,35.44,26168613.0,27.42,15796741,20.0,15900157,1.06,1116675.0,12.05,0
1242002,47.93,11497522.0,14.91,5518186,23.68,9942056,1.56,829073.0,12.33,0
256062,13.12,2765243.0,3.55,2202109,11.81,1845525,1.14,724660.0,9.51,0
72526,36.7,2352980.0,0.61,1523141,-2.26,1426967,0.69,1204804.0,-1.36,0
32558,24.3,1754412.0,0.49,1530434,2.15,31533,0.05,665860.0,1.86,0
-110627,39.39,4623760.0,-0.77,2639785,-4.23,5478884,1.6,1445480.0,-2.31,0
850007,48.29,9745812.0,6.34,4486984,20.32,13569441,2.23,1340119.0,9.46,0
571224,28.13,8307017.0,1.65,5812015,9.93,6208576,1.28,1456814.0,6.98,0
221507,37.04,4747190.0,2.9,2899548,7.69,5544433,1.39,869574.0,4.81,0
1639824,37.23,379559837.0,0.17,237567046,0.71,269911051,1.16,99404332.0,0.44,1
-743751,48.17,2439430.0,-2.44,1287168,-57.53,488725,0.48,1794506.0,-29.01,0
424076,24.56,7842226.0,3.59,5931655,7.23,4660963,1.11,1182579.0,5.53,0
-236216,44.81,5516024.0,-2.07,3181762,-7.37,3905582,1.33,1140598.0,-4.14,0
1508583,37.13,11715811.0,11.3,7308436,21.05,17911584,2.24,1206424.0,12.58,0
-55940,32.6,2194268.0,-0.71,1379768,-4.09,684598,0.44,807522.0,-2.58,0
208922,55.14,3308066.0,3.18,1514646,14.09,4973228,2.13,656160.0,6.09,0
281438,14.63,3012018.0,3.65,2205742,13.15,3328695,1.58,781059.0,9.6,0
1307911,10.61,23101308.0,3.37,20346028,6.48,11934697,0.9,3878483.0,5.78,0
2835589,22.94,19282895.0,26.41,14479559,20.17,17291332,1.63,1034779.0,14.73,0
-101773,53.67,2381203.0,-1.29,874711,-11.08,1141503,1.5,790523.0,-4.35,0
-128547,75.47,1431897.0,-1.09,228556,-52.74,532536,1.23,1068000.0,-9.06,0
-386391,,5801999.0,-4.5,2943763,,3120452,,892631.0,,0
983458,33.39,12345053.0,3.97,7811460,13.05,13800348,1.38,2103532.0,8.1,0
81408,52.94,4105144.0,0.94,1914591,4.37,3597629,1.57,850000.0,2.04,0
723887,77.35,4500811.0,10.01,1598890,46.35,4428573,0.5,723004.0,17.14,0
654515,32.89,3709287.0,15.02,2607730,25.69,2397855,1.54,447282.0,17.68,0
-6162307,54.51,32460701.0,-2.31,15024114,-35.43,12511034,0.64,26650863.0,-17.17,0
305463,27.81,4792610.0,3.8,2846170,11.1,3580003,1.95,811390.0,6.71,0
60508,14.82,1613343.0,1.3,1328964,4.61,1446599,1.19,477742.0,3.76,0
32823,24.79,3764253.0,0.35,2653662,1.26,1901238,1.13,1225564.0,0.9,0
74849,58.71,1174116.0,0.9,609560,14.21,689786,0.87,930425.0,6.25,0
1630605,55.58,28807226.0,8.36,11961996,13.9,33765295,2.28,2084095.0,5.75,0
259946,53.53,10295137.0,2.26,4564150,5.76,8062865,1.36,1223959.0,2.54,0
-424474,35.02,4566353.0,-3.32,2737008,-15.5,3322590,1.43,1216622.0,-9.62,0
472882,56.97,10594619.0,5.72,4566559,10.51,9141450,1.57,809510.0,4.48,0
201508,8.79,5214945.0,1.24,4682321,4.42,926478,0.29,1513276.0,4.0,0
349105,49.22,5080528.0,2.76,2785778,12.73,2013861,0.65,1307017.0,6.91,0
847376,19.64,10924255.0,7.17,6859866,12.66,6845497,1.32,1210254.0,8.26,0
834917,36.81,9112980.0,13.61,3888242,22.01,7078919,1.46,620285.0,9.45,0
1820296,48.96,22717189.0,14.01,13277525,14.17,22537767,1.89,1305694.0,8.34,0
788197,19.69,4679185.0,8.48,3199475,25.6,4068221,1.24,929200.0,16.65,0
1034373,57.69,83621028.0,2.54,36805481,2.84,114583199,2.57,4066638.0,1.19,0
721362,49.32,8617493.0,11.57,4457246,16.72,4808261,0.87,627455.0,8.65,0
-5819980,21.85,39676647.0,-1.53,29739972,-19.09,13587443,0.58,38171964.0,-14.58,0
-150964,26.07,1085525.0,-1.33,785483,-5.25,104515,0.17,1135136.0,-3.84,0
304098,67.66,5931379.0,2.02,1831981,16.72,9591767,2.65,1504418.0,5.04,0
-12689,48.23,7688189.0,-0.21,3663885,-0.35,7404268,1.77,1903446.0,-0.17,0
8200504,72.23,233977113.0,4.77,66003018,12.6,609885871,4.05,18790568.0,3.5,0
1632937,59.56,67155090.0,1.87,26920360,6.1,21688649,0.62,8232160.0,2.44,0
831001,53.23,19589165.0,1.91,8306231,10.36,22250630,2.85,4476438.0,4.43,0
781134,48.07,12611892.0,2.97,6576262,11.99,8084664,1.15,2664230.0,6.24,0
2850785,28.61,57171735.0,2.45,42761495,6.8,41145756,1.14,12065568.0,5.06,0
728305,42.46,12219232.0,6.82,6415597,11.65,9867900,1.11,935046.0,6.26,0
29276780,61.49,583091082.0,6.47,234256597,12.96,476978710,1.27,43515920.0,5.03,1
179775,62.3,22807009.0,0.34,8177255,2.3,7053361,0.84,2462421.0,0.77,0
669086,37.29,14004632.0,4.06,9579704,7.03,6675494,0.81,1411490.0,4.82,0
105377,32.79,3046409.0,1.04,2106283,5.06,2004025,1.14,1009116.0,3.37,0
-118655,6.92,1809597.0,-0.54,1702122,-6.95,91810,0.09,1636189.0,-6.51,0
360124,14.87,4569938.0,4.53,3322222,10.36,2689222,1.04,794853.0,8.17,0
36526,5.66,1294584.0,0.6,1211094,3.02,456449,0.57,605536.0,2.83,0
959636,46.26,8963786.0,12.09,4408315,22.95,4055996,1.11,794924.0,10.84,0
-509140,68.25,16883962.0,-2.94,4950193,-10.57,9222322,0.83,1750753.0,-3.09,0
1197264,41.77,8473414.0,3.03,6628687,19.96,1869147,0.3,4295078.0,15.66,0
98168,,2614370.0,1.28,2363178,,1642783,,640340.0,,0
121303,41.36,2535052.0,1.56,1739138,7.04,1484413,1.0,949337.0,4.75,0
362912,52.55,11543821.0,2.53,6000001,6.18,2554911,0.48,1570439.0,3.0,0
257725,68.76,7030077.0,4.41,2072476,12.97,2731429,0.86,609147.0,3.78,0
778905,71.24,29815825.0,1.51,9976793,7.81,13948716,0.84,5850478.0,2.57,0
-112835,51.67,21839702.0,-0.16,10793756,-1.05,17077832,0.0,8200469.0,-0.5,0
-108638,33.74,4961439.0,-0.63,3114979,-3.46,1217165,0.81,1726773.0,-2.19,0
557830,33.11,12870003.0,5.2,8153341,7.19,12188857,2.32,1033753.0,4.2,0
416040,41.9,4015795.0,13.25,2414039,17.45,5389194,2.39,315000.0,10.36,0
-396709,64.59,16009065.0,-1.36,5460674,-7.08,7778541,1.1,2548265.0,-2.42,0
722644,64.59,29420708.0,1.41,10279807,7.31,19319962,1.31,5049151.0,2.55,0
792471,44.93,10191612.0,7.48,5590084,14.53,7234362,1.26,908200.0,7.81,0
91424,44.04,6116737.0,0.96,3059121,3.01,2740221,0.69,941780.0,1.5,0
29987,42.0,3130949.0,0.39,1701187,1.79,1921700,1.04,770000.0,0.95,0
771395,65.0,12170450.0,7.19,6079942,13.53,7160275,1.0,1120981.0,6.43,0
257784,25.5,6845401.0,2.22,5206798,5.06,4384823,1.39,1160000.0,3.75,0
142372,34.83,4698229.0,2.04,2674623,5.41,1582138,0.61,668800.0,3.07,0
139131,27.93,2284270.0,3.61,1524922,9.36,1491678,1.36,398080.0,6.39,0
76196,28.52,2618205.0,1.12,1555694,5.02,1257464,1.28,680620.0,3.05,0
-152490,63.73,2746009.0,-2.23,957183,-15.51,658110,0.55,675460.0,-5.53,0
298017,44.69,7890838.0,1.65,4392051,6.88,2062150,0.61,1835510.0,3.78,0
99881,55.64,5223813.0,1.49,2191830,4.61,3515226,1.38,675330.0,1.99,0
285393,24.94,2629038.0,6.0,1794771,16.5,2065404,1.29,484000.0,11.49,0
32788,14.86,2099739.0,0.92,1844365,1.78,350169,0.63,358000.0,1.56,0
153555,37.04,5453170.0,1.14,3560723,4.35,2451961,0.67,1186157.0,2.79,0
68565,,1329334.0,2.06,873812,,863749,,338990.0,,0
101811,58.76,3055987.0,0.78,1279328,8.09,3162668,1.92,906000.0,3.39,0
281318,23.67,3285117.0,2.83,2539454,11.29,3822858,2.27,1000092.0,8.75,0
63520,53.53,4485052.0,1.06,2070783,3.11,1668586,0.82,627260.0,1.41,0
165645,41.84,7217549.0,1.73,3970429,4.21,5285365,1.58,930293.0,2.38,0
329178,53.61,10285771.0,3.78,5285717,6.14,3075457,0.51,1083126.0,3.17,0
399473,25.31,5384424.0,4.36,3792659,11.41,3818716,1.61,1007060.0,8.06,0
509581,46.92,3109067.0,10.07,1608411,34.19,2353380,1.49,510767.0,16.52,0
62801,41.61,4519023.0,0.81,2218618,2.87,2632875,1.5,754206.0,1.38,0
1267122,42.62,19346442.0,10.12,11196284,11.75,15551344,1.62,1205707.0,6.79,0
97648,46.61,1930825.0,2.31,1084262,9.2,1765557,1.56,383860.0,5.55,0
8444622,47.37,173429320.0,2.56,68247209,12.55,79500965,1.1,32585008.0,4.93,1
1407574,40.9,18656376.0,3.86,9384135,15.13,19929372,2.15,3575905.0,7.32,0
454923,68.35,6391719.0,9.57,2592602,19.47,5471250,1.43,505535.0,7.21,0
1944267,72.71,47307082.0,4.3,15500590,12.84,68240939,2.5,4508983.0,3.99,0
-180876,53.27,3038600.0,-1.78,1208928,-14.35,3377878,0.91,834516.0,-5.73,0
532785,33.74,32322701.0,1.81,11521368,5.56,20668056,1.93,3883936.0,1.7,0
1203755,36.95,15268362.0,6.31,7660971,16.24,11832513,1.52,1899380.0,8.34,0
612482,57.81,14966601.0,2.23,6078976,10.51,9466877,1.44,1343000.0,4.32,0
-5340,56.87,3943027.0,0.01,1778281,-0.3,2193597,0.94,2000000.0,-0.14,0
1355051,37.14,12439047.0,10.35,7244403,19.25,11205768,0.93,1309371.0,11.17,0
22419552,66.13,684346609.0,7.73,198940522,11.39,1399332906,3.93,26628737.0,3.39,1
676365,27.48,10249628.0,4.76,7493939,9.24,7263201,1.35,1423676.0,6.71,0
-185647,48.32,9804741.0,-0.93,5240760,-3.58,4304546,0.83,1572126.0,-1.88,0
282037,25.64,2870648.0,2.59,2109313,13.67,2899677,1.73,1088158.0,9.99,0
16164,32.37,2619651.0,0.16,1829068,0.89,1302811,0.77,1004082.0,0.63,0
11508290,35.41,181120487.0,8.9,104037876,11.83,131278537,1.41,9470492.0,7.04,0
-91471,31.93,14571675.0,-0.13,9621616,-0.96,9456875,1.3,6657285.0,-0.64,0
731828,34.75,9269684.0,4.07,6276149,13.63,10879700,2.63,1665880.0,8.86,0
141292,57.18,3716377.0,2.06,1479594,9.97,7501914,5.16,744865.0,4.01,0
866216,42.58,3661208.0,13.82,2185286,42.86,5350200,2.09,631921.0,24.98,0
-56832,28.3,2346310.0,-0.5,1610312,-3.58,1371127,0.95,1188070.0,-2.48,0
538647,24.62,3286730.0,8.02,2668719,20.84,3339200,1.44,686898.0,16.53,0
34323,17.88,2487496.0,0.22,2041812,1.69,2796303,2.02,1530850.0,1.39,0
432923,33.84,2574757.0,3.91,1785162,25.39,3246437,3.02,1106390.0,17.06,0
420879,14.43,4417896.0,5.66,3539342,12.19,2940744,0.98,744172.0,9.78,0
615656,17.24,7720904.0,2.04,6477641,9.64,5072643,1.5,2949401.0,8.2,0
188421,23.92,5132942.0,2.26,3816156,4.98,1640662,0.46,826003.0,3.69,0
742244,24.78,3909537.0,13.11,2815116,27.71,3718647,1.38,593375.0,19.45,0
-676356,64.71,6402774.0,-11.09,1181781,-51.09,8941255,3.18,614550.0,-10.08,0
631304,31.77,4349169.0,6.15,2900408,22.34,4296103,1.97,1027159.0,14.81,0
460937,34.48,9784434.0,2.74,5929518,7.95,9889935,1.94,1685289.0,4.77,0
208003,61.68,3632980.0,2.23,1523035,13.95,3734514,1.76,895426.0,5.69,0
2927912,25.2,15690529.0,44.16,14101577,22.46,6987470,1.93,692229.0,20.19,0
940023,31.46,5564612.0,12.73,3848029,23.96,6032747,1.86,730004.0,16.84,0
117284,42.83,3244879.0,2.65,1847615,6.49,1259442,0.81,436646.0,3.74,0
129038,51.73,5385782.0,1.37,2351290,5.61,4347192,1.56,940893.0,2.44,0
553202,35.2,5279781.0,8.4,3070891,18.51,4658907,1.97,658262.0,11.02,0
900626,70.68,30578748.0,3.66,7720079,11.95,36096281,2.09,2517748.0,3.08,0
2065325,51.47,21451715.0,11.38,10588314,20.15,36167994,2.82,1816996.0,9.9,0
4095395,49.54,75428898.0,6.15,39410144,11.17,45704270,1.1,5284413.0,5.62,0
1025601,17.23,5092369.0,6.11,3897860,27.73,5370626,1.55,1678770.0,21.45,0
-48080,19.49,751413.0,-0.71,555280,-8.45,310453,0.67,681151.0,-6.45,0
374744,49.02,9123907.0,1.43,4428651,6.92,6762818,1.24,2574401.0,3.35,0
453059,51.11,9313633.0,2.07,4380066,10.59,3409980,0.81,2191972.0,4.99,0
1007121,52.45,8327513.0,2.26,5575914,17.49,7159730,0.76,4475274.0,11.9,0
3838255,52.12,91661577.0,4.86,41725205,9.43,26845946,0.42,7815962.0,4.18,0
44132,62.36,16201670.0,0.17,4537095,0.98,1000376,0.36,2645913.0,0.31,0
107806,63.02,31868186.0,0.17,12459963,0.9,5915557,0.33,9775892.0,0.33,0
242758,51.04,13982018.0,0.85,7438339,3.29,3834898,0.2,2852450.0,1.71,0
2619876,41.78,34079058.0,9.02,18429238,14.68,9197553,0.53,2903260.0,7.72,0
494824,46.98,8855428.0,2.94,4177111,12.26,9171338,2.03,1680000.0,6.06,0
731809,,7104238.0,10.05,3316504,,5373642,,800250.0,,0
588084,51.03,14999367.0,2.01,6952844,8.64,1907389,0.32,2299791.0,4.07,0
-1007168,80.3,21627846.0,-3.27,3491372,-27.71,2670823,0.27,2792671.0,-4.58,0
13477,53.71,2338162.0,0.15,1123821,1.23,489508,2.12,671174.0,0.6,0
17538421,85.13,593323834.0,12.2,99978870,18.04,59477759,0.21,15313280.0,3.06,1
81142,72.36,1190391.0,2.35,414434,20.79,1783704,2.48,300000.0,7.15,0
-122122,66.04,24340997.0,-0.62,8511444,-1.47,4790864,0.44,1955310.0,-0.51,0
-83160,60.69,9723879.0,-0.52,3457908,-2.4,8308167,1.44,1598993.0,-0.85,0
576099,41.48,8147415.0,2.91,4546346,12.81,13512521,2.76,1883573.0,7.12,0
481262,39.42,8263284.0,2.58,4746848,10.36,6174144,1.43,1876622.0,5.89,0
3835096,14.51,52023356.0,1.25,44527257,8.99,19553306,0.59,30271869.0,7.57,0
-91303,54.82,3080899.0,-0.86,1162267,-7.72,2202994,1.26,886500.0,-2.86,0
-1240799,44.46,19741580.0,-1.86,9928245,-12.47,14290244,1.39,6655551.0,-6.37,0
148632,50.45,6523457.0,1.16,3165435,4.72,4239384,1.59,1275887.0,2.31,0
1919,21.58,2119045.0,0.02,1385776,0.14,947499,1.09,1170064.0,0.09,0
56309,4.5,2780734.0,0.48,2653280,2.18,652952,0.54,1155364.0,2.09,0
209927,58.62,28262080.0,1.52,11236501,1.87,13916562,1.0,2255409.0,0.73,0
345825,47.85,5049016.0,2.67,2629064,14.54,3267428,1.34,1289145.0,7.43,0
-434942,51.52,4673657.0,-1.89,1968876,-21.81,3291260,1.26,2296792.0,-9.06,0
24056,62.43,3458316.0,0.13,1398879,1.76,3054963,2.06,1677385.0,0.73,0
657018,51.8,32277650.0,1.18,15743806,4.24,16037113,1.02,5561777.0,2.05,0
34073,33.43,2551071.0,0.39,1415434,2.44,606740,0.52,868427.0,1.38,0
-16680,38.8,1711337.0,-0.17,1118128,-1.52,760612,0.86,1000002.0,-0.98,0
62392,5.24,1206185.0,1.16,543779,11.71,845362,0.01,532424.0,5.35,0
241648,44.4,8742427.0,1.12,4516046,5.38,9635678,2.17,2174973.0,2.82,0
143646,25.66,4054588.0,0.7,3017807,4.9,2507351,1.04,2060698.0,3.74,0
12095,52.81,820065.0,0.4,324817,3.81,518477,1.42,300000.0,1.48,0
5227665,45.73,55851948.0,11.24,29362822,18.33,56093201,1.95,4650273.0,9.3,0
149496,79.64,31829965.0,0.5,5598038,2.82,2103343,0.59,3803045.0,0.48,0
337210,23.97,3179233.0,2.25,2234627,15.25,1899439,1.03,1500000.0,10.44,0
501248,47.43,7498838.0,3.38,4262719,11.9,2005196,0.44,1582306.0,6.74,0
604676,59.71,12044400.0,2.99,4263736,14.37,26710813,3.79,1791260.0,5.07,0
1665915,51.19,31554142.0,3.42,15670455,11.18,22816306,1.25,5155469.0,5.38,0
744132,38.21,8025968.0,6.96,5221825,14.55,5934549,1.46,1068398.0,9.53,0
875502,70.29,20261423.0,4.88,6366383,14.05,25119857,2.17,1872192.0,4.35,0
270395,27.26,4750068.0,2.13,3075074,8.97,3582522,1.45,1220859.0,5.76,0
298681,24.71,3670253.0,3.35,2505777,12.16,3511749,1.77,892000.0,8.33,0
1048117,24.08,6187324.0,4.56,4482403,24.87,5614539,1.5,2261682.0,17.96,0
142062,21.89,2698827.0,2.01,1822664,7.9,1334922,0.94,718391.0,5.7,0
597928,18.29,5592068.0,4.12,4609035,13.13,4432961,1.64,1430623.0,10.71,0
-216792,26.57,4591514.0,-1.33,2992939,-7.18,2979162,1.33,1631469.0,-4.76,0
2665565,61.99,25684378.0,8.19,13393654,20.65,25421687,1.82,3329572.0,10.32,0
1675722,37.54,22029235.0,6.72,13649447,12.42,23735090,1.83,2693933.0,7.79,0
78965,44.41,1983800.0,0.96,1123926,7.19,1603098,1.27,827897.0,4.04,0
108723,11.04,1669131.0,1.27,1505916,7.29,841245,0.89,864909.0,6.28,0
400635,27.24,3449006.0,5.01,2249886,18.39,1767267,0.99,800018.0,12.27,0
-6760,52.23,23980.0,-0.05,16288,-40.3,23202,1.07,1270767.0,-27.52,0
-52067,38.13,2600689.0,-0.39,1272794,-4.08,809208,0.81,1149518.0,-2.01,0
782398,44.14,8711488.0,9.06,4412745,18.39,9123421,2.07,863434.0,9.3,0
649834,55.38,4459852.0,3.85,2377601,27.81,1997427,0.93,1694394.0,15.55,0
8178977,48.76,108746240.0,8.6,58404639,14.25,76180649,1.08,7791466.0,7.53,0
-61358,42.13,872973.0,-0.82,440353,-13.48,636513,1.07,749767.0,-7.03,0
679065,71.08,13185306.0,2.58,5131266,13.34,12624101,1.73,2775141.0,5.13,0
1926589,45.37,29813911.0,4.22,14946170,13.32,12428549,0.73,4316114.0,6.68,0
2934043,36.36,42767373.0,8.63,25557489,11.93,29897996,1.31,3617798.0,7.25,0
1450675,18.08,25437173.0,7.88,21209533,6.91,10178002,1.04,1787083.0,5.71,0
1501978,34.94,7492315.0,12.55,4850941,31.45,4823613,1.35,1194711.0,20.08,0
2188249,61.58,38029686.0,7.5,13495354,16.53,41405758,2.0,2923984.0,6.05,0
581932,67.94,8215344.0,5.87,2615051,22.58,19476255,4.11,991729.0,7.07,0
1397900,55.92,26975898.0,2.54,10643594,13.06,20983757,1.63,5166213.0,5.37,0
-85483,15.51,3573907.0,-0.25,2359669,-3.6,1675786,0.8,1479998.0,-2.43,0
1466920,53.06,37938976.0,3.76,16785589,8.86,62648731,3.1,3976243.0,3.86,1
143588,52.52,5313006.0,0.85,2499713,5.86,3776717,1.57,1826396.0,2.79,0
-73234,94.88,200120.0,-0.79,2849,-1035.99,77932,0.61,1047781.0,-33.65,0
87165,26.71,2159721.0,1.32,1896050,4.56,441734,0.41,658000.0,4.01,0
2197144,52.81,11921210.0,25.31,5338568,43.26,13652564,2.16,874354.0,17.74,0
2127220,61.8,25171091.0,5.52,9530631,23.16,34863027,2.63,3887510.0,8.71,0
3155383,68.63,93162581.0,12.13,30501350,10.57,84091485,1.59,932720.0,3.45,0
3241795,8.62,19867286.0,35.72,18350604,18.31,13876445,1.14,929014.0,16.9,0
416837,34.07,4865403.0,5.29,3246761,13.03,5465855,1.87,730678.0,8.51,0
137872,,1537534.0,3.58,1375952,,710777,,385090.0,,0
-62874,36.64,377989.0,-1.38,313809,-20.12,152753,0.0,472470.0,-16.72,0
379262,,4749637.0,6.35,2143910,,3395005,,603156.0,,0
-38051,34.6,2906024.0,-0.57,1709033,-2.22,2413548,1.4,693000.0,-1.31,0
-284866,58.86,9418445.0,-0.74,4778334,-7.35,4623829,0.97,4457967.0,-3.41,0
261615,46.23,4036597.0,3.1,2179338,12.39,2384625,0.96,845248.0,6.61,0
719556,50.49,14683881.0,6.88,6238225,11.99,4849689,0.91,1072558.0,5.36,0
3730920,65.99,92212366.0,11.04,28884164,13.38,127104736,2.65,3394398.0,4.21,0
1067431,67.07,20217377.0,8.54,7098694,15.31,4328920,0.37,1246986.0,5.28,0
263449,57.85,5310690.0,2.65,2395975,11.27,2085142,0.64,1074490.0,4.99,0
715359,23.65,6416031.0,10.22,4595715,16.06,3978413,0.94,700000.0,11.62,0
1453723,67.44,10878981.0,20.02,4268251,36.11,9371410,1.22,726000.0,13.43,0
7372455,16.09,380923116.0,0.78,312627068,2.47,415281764,2.86,95259597.0,2.02,1
530965,,2406078.0,17.42,1771570,,2909821,,305710.0,,0
684661,23.3,5151270.0,5.31,3849356,18.23,3750121,1.28,1290474.0,13.74,0
820983,31.0,3983400.0,11.0,3102970,28.96,3549497,1.82,742848.0,21.98,0
35142,15.51,1402903.0,0.82,1195389,3.1,581012,0.62,426509.0,2.64,0
-2104236,15.17,4372725.0,-7.84,2620715,-104.15,300,0.0,3116067.0,-66.07,0
148328,40.69,4257290.0,1.57,2266991,6.87,2646853,1.5,830000.0,3.54,0
62389,43.43,2561099.0,0.72,1392016,4.57,1792597,1.56,868813.0,2.48,0
-237460,57.18,3027920.0,-2.54,1363728,-17.04,1615250,0.94,804993.0,-7.75,0
464171,14.07,9577118.0,3.58,8372453,5.6,5898185,1.11,1484985.0,4.89,0
407534,24.23,5043033.0,3.66,3557375,11.85,1622229,0.66,1112709.0,8.36,0
1777831,13.77,5964918.0,16.85,4844030,40.17,5268419,1.42,1061241.0,33.06,0
163871,41.96,2381625.0,5.66,1372810,13.03,1578165,1.18,320695.0,6.99,0
2792480,83.43,159009244.0,5.01,23662850,12.03,14665572,0.14,5150004.0,1.8,0
-103496,,1227221.0,-1.33,1086995,,299015,,816390.0,,0
551800,58.76,30449444.0,3.56,13754028,4.05,14260153,0.83,1658164.0,1.78,0
-131861,46.21,1102635.0,-3.3,646790,-22.98,795225,1.8,448734.0,-13.05,0
215511,33.54,2014103.0,6.52,1289653,17.5,1846674,1.9,340000.0,11.44,0
294938,56.22,5472527.0,4.09,2358346,12.83,2088346,0.77,739685.0,5.46,0
103916,15.82,2079050.0,2.2,1643078,6.53,844885,1.16,473880.0,5.22,0
123054,48.3,3577273.0,1.85,2008047,6.25,1689699,0.71,683399.0,3.57,0
8609657,58.01,54724165.0,49.25,24513923,37.11,186927647,6.32,1748408.0,15.0,1
1212881,43.8,14474231.0,8.62,6990672,18.28,14229734,2.63,1310300.0,9.35,0
220416,26.48,2275946.0,3.66,1680841,13.46,1913403,1.5,607500.0,9.95,0
373253,,4460252.0,5.28,2453585,,4830183,,714543.0,,0
46723,35.24,2746159.0,0.7,1659156,2.83,2704414,1.79,669674.0,1.69,0
27586,19.4,2295555.0,0.07,1698673,1.65,620635,0.97,663898.0,1.22,0
342846,42.83,4961630.0,5.12,2445174,14.63,3159682,1.63,671779.0,7.64,0
279530,30.75,2821274.0,4.77,1791185,15.98,2404160,2.03,570000.0,10.28,0
495059,,7059007.0,4.4,3215384,,4998255,,1220000.0,,0
213206,,3873112.0,3.43,1958734,,3117134,,660000.0,,0
318484,,3040576.0,5.29,2616871,,1969592,,675000.0,,0
409107,,16294867.0,2.35,10782008,,13514535,,1742606.0,,0
194218,,4786852.0,2.63,1526454,,17281341,,737484.0,,0
906913,,6692504.0,14.17,3632928,,6306568,,637508.0,,0
-66739,49.79,6749038.0,-0.19,3748350,-1.87,1437057,0.38,1426362.0,-1.0,0
2164113,38.61,13816160.0,11.53,9279077,23.93,13804562,2.3,1201369.0,16.33,0
304257,24.52,6348855.0,1.98,4776095,6.54,2973426,0.86,1421805.0,4.92,0
115558,54.27,5123329.0,1.02,2323896,5.02,2442176,0.95,1324080.0,2.28,0
24471,40.57,1277529.0,0.03,702855,3.49,908235,1.17,1126298.0,1.92,0
784353,35.36,11531915.0,3.7,7577936,10.49,8766318,1.16,2091197.0,6.88,0
3665917,23.72,44556237.0,5.67,32362689,11.57,38512743,1.39,6461655.0,8.54,0
1362120,55.33,23319671.0,1.56,8915540,16.0,16424018,1.5,638799.0,6.0,0
-3395,7.06,2500072.0,-0.15,2245308,-0.15,1222174,0.57,800000.0,-0.14,0
1097448,30.86,7803097.0,12.24,5205165,21.61,7407799,1.4,861721.0,14.44,0
-643349,66.65,2603954.0,-3.06,413786,-122.12,3056058,1.33,2080888.0,-24.29,0
214340,41.44,4529146.0,2.7,2626647,8.31,3134712,1.29,789534.0,4.84,0
207781,47.79,3643945.0,3.06,1993990,10.44,1638051,0.83,676320.0,5.64,0
-1090187,33.74,11514631.0,-2.47,6968810,-15.18,7159043,1.21,4415449.0,-9.73,0
254887,32.03,17973245.0,0.51,11884185,2.26,5965534,0.69,5063811.0,1.48,0
1834350,70.65,40547997.0,4.22,8753211,21.42,137509979,6.48,3784965.0,5.02,0
106018,78.78,13829096.0,1.65,2629816,4.03,8089642,1.19,749218.0,0.76,0
1402677,13.9,13609010.0,3.17,11815167,12.35,9706776,1.25,4422222.0,10.68,0
2367483,42.72,35080814.0,3.26,20831752,11.57,23011381,1.02,7272401.0,6.84,0
953347,53.24,24269506.0,3.23,10579062,9.39,22349528,1.58,2800000.0,4.05,0
-47675,34.73,907040.0,-0.76,560406,-8.33,1065712,2.06,623663.0,-5.34,0
973547,45.05,8037116.0,8.16,3950042,26.01,7544545,1.91,1209260.0,12.26,0
1911734,59.51,31444986.0,7.28,13027871,15.09,22847267,1.32,2712425.0,6.2,0
395973,60.0,11059451.0,1.23,4322775,9.32,15049948,2.33,3206745.0,3.67,0
-39467,39.11,1434435.0,-0.58,853088,-4.56,397072,0.9,685735.0,-2.72,0
190268,24.6,5244735.0,1.5,3344452,5.67,3399884,1.65,1270550.0,3.64,0
196348,37.05,2742385.0,2.44,1599991,12.62,3125776,1.68,813405.0,7.6,0
290460,34.39,4051099.0,2.88,2809682,10.42,7152222,3.1,1008978.0,7.38,0
993948,47.88,8968968.0,8.91,3242144,32.67,2906727,0.8,1115000.0,12.38,0
263881,65.43,7376368.0,2.73,2600524,10.44,1903290,0.46,811319.0,3.62,0
87180,35.83,2759980.0,0.78,1970415,4.45,2754448,1.83,1122505.0,3.19,0
583357,63.02,18506166.0,1.63,5947714,10.14,6552677,0.8,3151781.0,3.24,0
67130,50.2,10163331.0,0.38,5339052,1.27,5792494,1.02,1753982.0,0.67,0
1173798,20.09,7138744.0,10.81,5754163,20.99,2680539,0.67,1088880.0,17.02,0
-120191,34.69,5589187.0,-1.15,3756598,-3.25,3233341,1.36,1042610.0,-2.3,0
-499900,12.03,7093206.0,-2.7,6399777,-7.89,378255,0.5,1857472.0,-7.1,0
-153406,58.9,3632290.0,-2.56,1674798,-8.98,3741653,2.43,599997.0,-4.1,0
-187756,44.44,2343567.0,-2.81,1289868,-14.32,1366916,1.0,668000.0,-7.88,0
1938938,57.69,17809034.0,13.87,6949980,29.21,67198104,5.56,1400585.0,11.65,1
408631,70.66,7256490.0,5.67,2139572,19.69,3679560,0.89,737205.0,5.69,0
130619,54.5,5452480.0,0.87,2393691,5.54,3298720,1.08,1500000.0,2.4,0
4976676,37.03,27901357.0,16.36,15661245,33.25,24414306,1.94,2930202.0,18.21,0
277571,40.23,4513513.0,4.22,2659878,10.56,2882490,1.48,660590.0,6.26,0
23704,41.06,2401142.0,0.48,1357508,1.75,1035590,1.12,495340.0,1.0,0
264778,50.32,15958201.0,1.15,7217009,3.68,4486977,0.55,1348123.0,1.71,0
94453,58.51,6808973.0,1.04,2491596,3.89,4224774,0.9,908863.0,1.35,0
391080,32.17,2994808.0,9.96,1791694,22.29,1895124,1.35,392700.0,13.35,0
832878,23.42,2502446.0,12.51,1896073,45.37,1376062,1.31,666019.0,34.53,0
648900,26.4,4148815.0,6.05,3005548,22.22,3830398,1.69,1104440.0,16.08,0
50451,53.7,5363814.0,0.75,2528362,2.06,2791573,1.22,675000.0,0.96,0
634787,37.0,4557973.0,12.39,3235143,23.52,2360994,1.14,518453.0,15.75,0
1070583,40.76,22979690.0,1.81,12189668,8.85,9313724,0.56,5890486.0,4.77,0
-55211,60.42,1758662.0,-0.86,771333,-7.64,1017093,1.15,674910.0,-3.09,0
112524,34.28,3475284.0,1.26,1921663,5.97,2076359,1.4,893841.0,3.18,0
895514,36.3,14350057.0,5.06,8515317,10.44,11345641,1.75,1861950.0,6.37,0
32481,10.61,1361772.0,0.33,1234255,2.64,432138,0.26,980496.0,2.44,0
3919417,47.7,368914559.0,1.64,201243202,2.02,249954311,1.5,29467872.0,1.09,0
553022,26.23,10246129.0,1.83,7563232,7.41,7257633,1.45,3050000.0,5.42,0
-88994,88.01,9359666.0,-1.07,711829,-12.17,167828,0.01,833439.0,-1.02,0
889165,46.22,34382192.0,0.58,20024333,4.48,29934966,1.58,15791453.0,2.57,0
867282,29.23,17615835.0,1.64,12592350,7.03,3542624,0.44,5163580.0,5.02,0
5592171,54.6,43788205.0,5.53,19355092,29.32,68959738,3.21,8816811.0,13.18,0
892567,31.53,7503362.0,4.08,5038876,18.48,6628124,1.63,2211212.0,12.48,0
-38233,42.22,691393.0,-0.77,419575,-9.07,538991,1.28,538066.0,-5.38,0
4112147,43.91,29682477.0,13.36,16780587,25.33,27072342,1.9,2989838.0,14.33,0
2437228,50.29,23169427.0,5.42,11698612,21.48,13706365,1.07,4511971.0,10.74,0
326745,40.74,5200498.0,1.84,3073442,10.82,1986369,0.77,1805375.0,6.41,0
879968,59.59,6949444.0,4.5,3116813,29.03,5086762,1.24,1953628.0,13.0,0
5175909,60.25,62501788.0,13.19,26960858,19.81,70010849,1.88,3750646.0,8.46,0
832650,32.96,9019519.0,4.37,5963433,14.25,9033976,1.85,1884521.0,9.49,0
951265,34.33,17025624.0,2.31,11148239,8.91,7195005,0.78,3874896.0,5.8,0
419729,50.87,6861767.0,2.34,3280603,13.12,2197817,0.69,1795041.0,6.24,0
354015,18.97,6352995.0,1.68,5212937,6.94,8536948,2.58,2091482.0,5.64,0
-27139,87.99,3636286.0,-0.18,429347,-6.47,766667,0.34,1507246.0,-0.75,0
870262,75.86,2187492.0,6.94,1154440,57.04,749997,0.51,1012800.0,33.71,0
773023,54.75,13230397.0,3.07,5584540,14.14,9970633,1.4,2485404.0,6.24,0
193302,53.47,4790743.0,1.73,2226123,8.89,1232504,0.59,1104306.0,4.11,0
1305146,72.16,70787963.0,1.01,19034237,6.95,55558409,1.45,7633599.0,1.9,0
287487,64.83,16830743.0,0.81,5517277,5.35,16775209,2.03,3581640.0,1.75,0
363877,65.51,6203534.0,2.15,2139516,17.32,6022518,1.72,1696233.0,5.53,0
774721,62.45,12254438.0,2.57,5233652,15.11,18357564,3.1,3090430.0,6.34,0
1800435,57.77,31742387.0,5.21,12453988,14.8,14645277,0.97,2979639.0,5.76,0
1730740,56.45,31692510.0,5.72,13883905,12.68,19348249,1.2,2877859.0,5.39,0
1569168,65.31,31861472.0,2.11,11654984,14.08,13061441,0.69,7368465.0,4.98,0
2897250,89.69,202593027.0,8.85,22088060,13.36,29632864,0.25,4323013.0,1.44,0
388910,29.05,4386841.0,4.64,3037248,13.07,2874514,1.23,831613.0,8.98,0
651294,31.59,6079558.0,4.41,4085045,16.29,2748625,0.88,1473176.0,10.93,0
90366,43.59,5029202.0,0.69,2916598,3.1,2347804,0.99,1091071.0,1.78,0
9275392,43.12,186389375.0,5.88,118965351,8.46,19084589,0.2,15048810.0,5.21,0
182975,42.05,10878361.0,0.57,6540343,2.78,1491772,0.77,3309030.0,1.59,0
-123303,41.51,2882000.0,-1.19,1589279,-7.67,3004576,1.05,1032082.0,-4.22,0
1172997,49.96,17207745.0,4.38,9336956,13.82,6408626,0.36,2299898.0,7.01,0
8653483,93.09,3101082238.0,0.67,189404165,4.62,24642539,0.04,128547788.0,0.29,0
90971677,92.75,9244452655.0,8.54,776782796,12.56,137294299,0.1,115002640.0,1.0,1
75958223,92.23,10950472444.0,5.41,904775681,8.78,190929532,0.1,147025102.0,0.71,1
20676286,90.21,3434618475.0,0.87,332626087,6.57,66703953,0.15,149732712.0,0.61,1
18047856,93.07,2971744682.0,1.43,181600577,10.07,21338518,0.05,125671000.0,0.63,1
25977044,89.64,2759239447.0,1.99,273617446,9.65,26918952,0.09,121374360.0,0.97,1
25017968,91.2,3856376532.0,1.84,326588960,7.74,31550874,0.05,135998240.0,0.66,1
14488827,91.19,2196059206.0,1.17,186109382,7.86,21659114,0.05,117126998.0,0.67,0
14459259,95.09,4357123796.0,1.12,241578858,5.94,100285618,0.13,133173941.0,0.34,1
3734919,86.1,316757486.0,1.12,42737811,8.89,2277257,0.04,28964817.0,1.21,0
12241354,91.91,2143348565.0,1.09,155869732,7.98,18500556,0.05,112710541.0,0.59,0
42855155,93.87,6616667179.0,2.15,405310740,11.02,109053668,0.08,199969796.0,0.65,1
16807541,93.15,3550503691.0,1.31,221206869,7.68,30482847,0.05,128358011.0,0.48,1
17134991,93.93,4147041390.0,1.24,237681557,7.3,34896214,0.03,133342237.0,0.42,0
702097,69.06,17744732.0,3.14,5847193,12.1,8237782,0.8,2236080.0,3.96,0
15547836,92.87,2219711848.0,3.29,179657205,9.38,323248432,0.3,47313972.0,0.71,1
687595,51.88,19580636.0,1.9,9580533,7.3,5396686,0.49,3622004.0,3.56,1
1629724,67.16,39472341.0,5.16,13223700,12.78,16510114,0.78,3159633.0,4.28,1
1515729,69.28,42713588.0,2.57,13409237,11.65,17656923,0.72,5903888.0,3.6,0
152882,57.05,16025987.0,0.51,6762084,2.28,5854672,0.66,3011638.0,0.97,0
1444538,96.81,1338837240.0,0.61,42111789,3.6,157231964,0.25,25019715.0,0.11,1
3639884,75.71,,1.79,0,3.86,32128967,0.44,,0.91,0
4048708,91.49,,0.73,0,6.19,30816399,0.09,,0.54,0
16535210,70.41,,25.36,0,20.42,231813269,1.46,,5.89,1
2522479,96.58,,1.63,0,5.61,210659310,0.31,,0.19,0
